year,line_type,airport_code,airport_name,flight_count_current,flight_count_previous,paid_passenger_current,transfer_passenger_current,free_passenger_current,passenger_total_current,paid_passenger_previous,transfer_passenger_previous,free_passenger_previous,passenger_total_previous,cargo_current,cargo_previous,raw_keys
2016,total,ALL,합계,820858,753180,128438306,6388348,1458396,136285050,110745364,6649309,1251368,118646041,,,A_AIRPORT|A_BF|A_FF|A_FP|A_MF|A_NP|A_OC|A_TS|KOR_N|ORDER_N|PRE_BF|PRE_FF|PRE_FP|PRE_MF|PRE_NP|PRE_OC|PRE_TS
2016,total,GMP,김포,146266,142863,24711375,6043,325670,25043088,22855277,13444,295057,23163778,,,A_AIRPORT|A_BF|A_FF|A_FP|A_MF|A_NP|A_OC|A_TS|KOR_N|ORDER_N|PRE_BF|PRE_FF|PRE_FP|PRE_MF|PRE_NP|PRE_OC|PRE_TS
2016,total,PUS,김해,99358,87709,14687285,41811,171719,14900815,12195287,46576,140287,12382150,,,A_AIRPORT|A_BF|A_FF|A_FP|A_MF|A_NP|A_OC|A_TS|KOR_N|ORDER_N|PRE_BF|PRE_FF|PRE_FP|PRE_MF|PRE_NP|PRE_OC|PRE_TS
2016,total,CJU,제주,172743,158691,29253557,13435,440372,29707364,25845746,9347,382469,26237562,,,A_AIRPORT|A_BF|A_FF|A_FP|A_MF|A_NP|A_OC|A_TS|KOR_N|ORDER_N|PRE_BF|PRE_FF|PRE_FP|PRE_MF|PRE_NP|PRE_OC|PRE_TS
2016,total,CJJ,청주,17418,14153,2692905,2,39848,2732755,2089045,11,29436,2118492,,,A_AIRPORT|A_BF|A_FF|A_FP|A_MF|A_NP|A_OC|A_TS|KOR_N|ORDER_N|PRE_BF|PRE_FF|PRE_FP|PRE_MF|PRE_NP|PRE_OC|PRE_TS
2016,total,TAE,대구,17089,14369,2496241,12,36879,2533132,1997175,0,30451,2027626,,,A_AIRPORT|A_BF|A_FF|A_FP|A_MF|A_NP|A_OC|A_TS|KOR_N|ORDER_N|PRE_BF|PRE_FF|PRE_FP|PRE_MF|PRE_NP|PRE_OC|PRE_TS
2016,total,MWX,무안,2330,2355,319363,3,2309,321675,309633,1,2288,311922,,,A_AIRPORT|A_BF|A_FF|A_FP|A_MF|A_NP|A_OC|A_TS|KOR_N|ORDER_N|PRE_BF|PRE_FF|PRE_FP|PRE_MF|PRE_NP|PRE_OC|PRE_TS
2016,total,YNY,양양,621,889,88524,0,180,88704,126201,6,118,126325,,,A_AIRPORT|A_BF|A_FF|A_FP|A_MF|A_NP|A_OC|A_TS|KOR_N|ORDER_N|PRE_BF|PRE_FF|PRE_FP|PRE_MF|PRE_NP|PRE_OC|PRE_TS
2016,total,KWJ,광주,10792,12258,1587098,0,26677,1613775,1580260,0,24645,1604905,,,A_AIRPORT|A_BF|A_FF|A_FP|A_MF|A_NP|A_OC|A_TS|KOR_N|ORDER_N|PRE_BF|PRE_FF|PRE_FP|PRE_MF|PRE_NP|PRE_OC|PRE_TS
2016,total,USN,울산,4891,5019,535293,0,10028,545321,551825,0,9586,561411,,,A_AIRPORT|A_BF|A_FF|A_FP|A_MF|A_NP|A_OC|A_TS|KOR_N|ORDER_N|PRE_BF|PRE_FF|PRE_FP|PRE_MF|PRE_NP|PRE_OC|PRE_TS
2016,total,RSU,여수,4813,5476,494554,0,8817,503371,407645,0,5919,413564,,,A_AIRPORT|A_BF|A_FF|A_FP|A_MF|A_NP|A_OC|A_TS|KOR_N|ORDER_N|PRE_BF|PRE_FF|PRE_FP|PRE_MF|PRE_NP|PRE_OC|PRE_TS
2016,total,KPO,포항경주,916,0,66446,0,1780,68226,0,0,0,0,,,A_AIRPORT|A_BF|A_FF|A_FP|A_MF|A_NP|A_OC|A_TS|KOR_N|ORDER_N|PRE_BF|PRE_FF|PRE_FP|PRE_MF|PRE_NP|PRE_OC|PRE_TS
2016,total,HIN,사천,1822,1814,146675,0,4053,150728,132905,0,3607,136512,,,A_AIRPORT|A_BF|A_FF|A_FP|A_MF|A_NP|A_OC|A_TS|KOR_N|ORDER_N|PRE_BF|PRE_FF|PRE_FP|PRE_MF|PRE_NP|PRE_OC|PRE_TS
2016,total,KUV,군산,1427,1432,226937,0,5195,232132,201079,0,4359,205438,,,A_AIRPORT|A_BF|A_FF|A_FP|A_MF|A_NP|A_OC|A_TS|KOR_N|ORDER_N|PRE_BF|PRE_FF|PRE_FP|PRE_MF|PRE_NP|PRE_OC|PRE_TS
2016,total,WJU,원주,699,706,77012,0,1555,78567,73539,0,1607,75146,,,A_AIRPORT|A_BF|A_FF|A_FP|A_MF|A_NP|A_OC|A_TS|KOR_N|ORDER_N|PRE_BF|PRE_FF|PRE_FP|PRE_MF|PRE_NP|PRE_OC|PRE_TS
2016,total,ICN,인천,339673,305446,51055041,6327042,383314,57765397,42379747,6579924,321539,49281210,,,A_AIRPORT|A_BF|A_FF|A_FP|A_MF|A_NP|A_OC|A_TS|KOR_N|ORDER_N|PRE_BF|PRE_FF|PRE_FP|PRE_MF|PRE_NP|PRE_OC|PRE_TS
2016,domestic,ALL,합계,381994,365166,61825844,0,964100,62789944,55960269,0,854186,56814455,,,A_AIRPORT|A_BF|A_FF|A_FP|A_MF|A_NP|A_OC|A_TS|KOR_N|ORDER_N|PRE_BF|PRE_FF|PRE_FP|PRE_MF|PRE_NP|PRE_OC|PRE_TS
2016,domestic,GMP,김포,125754,122484,20496789,0,304574,20801363,18859038,0,275238,19134276,,,A_AIRPORT|A_BF|A_FF|A_FP|A_MF|A_NP|A_OC|A_TS|KOR_N|ORDER_N|PRE_BF|PRE_FF|PRE_FP|PRE_MF|PRE_NP|PRE_OC|PRE_TS
2016,domestic,PUS,김해,46276,44121,7020072,0,103781,7123853,6332253,0,91741,6423994,,,A_AIRPORT|A_BF|A_FF|A_FP|A_MF|A_NP|A_OC|A_TS|KOR_N|ORDER_N|PRE_BF|PRE_FF|PRE_FP|PRE_MF|PRE_NP|PRE_OC|PRE_TS
2016,domestic,CJU,제주,153571,144017,26545799,0,419680,26965479,23871110,0,372601,24243711,,,A_AIRPORT|A_BF|A_FF|A_FP|A_MF|A_NP|A_OC|A_TS|KOR_N|ORDER_N|PRE_BF|PRE_FF|PRE_FP|PRE_MF|PRE_NP|PRE_OC|PRE_TS
2016,domestic,CJJ,청주,13009,10331,2080718,0,37977,2118695,1582529,0,28332,1610861,,,A_AIRPORT|A_BF|A_FF|A_FP|A_MF|A_NP|A_OC|A_TS|KOR_N|ORDER_N|PRE_BF|PRE_FF|PRE_FP|PRE_MF|PRE_NP|PRE_OC|PRE_TS
2016,domestic,TAE,대구,12141,11635,1816135,0,32156,1848291,1667014,0,29062,1696076,,,A_AIRPORT|A_BF|A_FF|A_FP|A_MF|A_NP|A_OC|A_TS|KOR_N|ORDER_N|PRE_BF|PRE_FF|PRE_FP|PRE_MF|PRE_NP|PRE_OC|PRE_TS
2016,domestic,MWX,무안,729,930,124750,0,1904,126654,127174,0,1951,129125,,,A_AIRPORT|A_BF|A_FF|A_FP|A_MF|A_NP|A_OC|A_TS|KOR_N|ORDER_N|PRE_BF|PRE_FF|PRE_FP|PRE_MF|PRE_NP|PRE_OC|PRE_TS
2016,domestic,YNY,양양,15,139,931,0,26,957,19681,0,24,19705,,,A_AIRPORT|A_BF|A_FF|A_FP|A_MF|A_NP|A_OC|A_TS|KOR_N|ORDER_N|PRE_BF|PRE_FF|PRE_FP|PRE_MF|PRE_NP|PRE_OC|PRE_TS
2016,domestic,KWJ,광주,10792,12258,1587098,0,26677,1613775,1580260,0,24645,1604905,,,A_AIRPORT|A_BF|A_FF|A_FP|A_MF|A_NP|A_OC|A_TS|KOR_N|ORDER_N|PRE_BF|PRE_FF|PRE_FP|PRE_MF|PRE_NP|PRE_OC|PRE_TS
2016,domestic,USN,울산,4891,5019,535293,0,10028,545321,551825,0,9586,561411,,,A_AIRPORT|A_BF|A_FF|A_FP|A_MF|A_NP|A_OC|A_TS|KOR_N|ORDER_N|PRE_BF|PRE_FF|PRE_FP|PRE_MF|PRE_NP|PRE_OC|PRE_TS
2016,domestic,RSU,여수,4813,5476,494554,0,8817,503371,407645,0,5919,413564,,,A_AIRPORT|A_BF|A_FF|A_FP|A_MF|A_NP|A_OC|A_TS|KOR_N|ORDER_N|PRE_BF|PRE_FF|PRE_FP|PRE_MF|PRE_NP|PRE_OC|PRE_TS
2016,domestic,KPO,포항경주,910,0,65788,0,1779,67567,0,0,0,0,,,A_AIRPORT|A_BF|A_FF|A_FP|A_MF|A_NP|A_OC|A_TS|KOR_N|ORDER_N|PRE_BF|PRE_FF|PRE_FP|PRE_MF|PRE_NP|PRE_OC|PRE_TS
2016,domestic,HIN,사천,1822,1806,146675,0,4053,150728,131746,0,3606,135352,,,A_AIRPORT|A_BF|A_FF|A_FP|A_MF|A_NP|A_OC|A_TS|KOR_N|ORDER_N|PRE_BF|PRE_FF|PRE_FP|PRE_MF|PRE_NP|PRE_OC|PRE_TS
2016,domestic,KUV,군산,1427,1432,226937,0,5195,232132,201079,0,4359,205438,,,A_AIRPORT|A_BF|A_FF|A_FP|A_MF|A_NP|A_OC|A_TS|KOR_N|ORDER_N|PRE_BF|PRE_FF|PRE_FP|PRE_MF|PRE_NP|PRE_OC|PRE_TS
2016,domestic,WJU,원주,699,706,77012,0,1555,78567,73539,0,1607,75146,,,A_AIRPORT|A_BF|A_FF|A_FP|A_MF|A_NP|A_OC|A_TS|KOR_N|ORDER_N|PRE_BF|PRE_FF|PRE_FP|PRE_MF|PRE_NP|PRE_OC|PRE_TS
2016,domestic,ICN,인천,5145,4812,607293,0,5898,613191,555376,0,5515,560891,,,A_AIRPORT|A_BF|A_FF|A_FP|A_MF|A_NP|A_OC|A_TS|KOR_N|ORDER_N|PRE_BF|PRE_FF|PRE_FP|PRE_MF|PRE_NP|PRE_OC|PRE_TS
2016,international,ALL,합계,438864,388014,66612462,6388348,494296,73495106,54785095,6649309,397182,61831586,,,A_AIRPORT|A_BF|A_FF|A_FP|A_MF|A_NP|A_OC|A_TS|KOR_N|ORDER_N|PRE_BF|PRE_FF|PRE_FP|PRE_MF|PRE_NP|PRE_OC|PRE_TS
2016,international,GMP,김포,20512,20379,4214586,6043,21096,4241725,3996239,13444,19819,4029502,,,A_AIRPORT|A_BF|A_FF|A_FP|A_MF|A_NP|A_OC|A_TS|KOR_N|ORDER_N|PRE_BF|PRE_FF|PRE_FP|PRE_MF|PRE_NP|PRE_OC|PRE_TS
2016,international,PUS,김해,53082,43588,7667213,41811,67938,7776962,5863034,46576,48546,5958156,,,A_AIRPORT|A_BF|A_FF|A_FP|A_MF|A_NP|A_OC|A_TS|KOR_N|ORDER_N|PRE_BF|PRE_FF|PRE_FP|PRE_MF|PRE_NP|PRE_OC|PRE_TS
2016,international,CJU,제주,19172,14674,2707758,13435,20692,2741885,1974636,9347,9868,1993851,,,A_AIRPORT|A_BF|A_FF|A_FP|A_MF|A_NP|A_OC|A_TS|KOR_N|ORDER_N|PRE_BF|PRE_FF|PRE_FP|PRE_MF|PRE_NP|PRE_OC|PRE_TS
2016,international,CJJ,청주,4409,3822,612187,2,1871,614060,506516,11,1104,507631,,,A_AIRPORT|A_BF|A_FF|A_FP|A_MF|A_NP|A_OC|A_TS|KOR_N|ORDER_N|PRE_BF|PRE_FF|PRE_FP|PRE_MF|PRE_NP|PRE_OC|PRE_TS
2016,international,TAE,대구,4948,2734,680106,12,4723,684841,330161,0,1389,331550,,,A_AIRPORT|A_BF|A_FF|A_FP|A_MF|A_NP|A_OC|A_TS|KOR_N|ORDER_N|PRE_BF|PRE_FF|PRE_FP|PRE_MF|PRE_NP|PRE_OC|PRE_TS
2016,international,MWX,무안,1601,1425,194613,3,405,195021,182459,1,337,182797,,,A_AIRPORT|A_BF|A_FF|A_FP|A_MF|A_NP|A_OC|A_TS|KOR_N|ORDER_N|PRE_BF|PRE_FF|PRE_FP|PRE_MF|PRE_NP|PRE_OC|PRE_TS
2016,international,YNY,양양,606,750,87593,0,154,87747,106520,6,94,106620,,,A_AIRPORT|A_BF|A_FF|A_FP|A_MF|A_NP|A_OC|A_TS|KOR_N|ORDER_N|PRE_BF|PRE_FF|PRE_FP|PRE_MF|PRE_NP|PRE_OC|PRE_TS
2016,international,KPO,포항경주,6,0,658,0,1,659,0,0,0,0,,,A_AIRPORT|A_BF|A_FF|A_FP|A_MF|A_NP|A_OC|A_TS|KOR_N|ORDER_N|PRE_BF|PRE_FF|PRE_FP|PRE_MF|PRE_NP|PRE_OC|PRE_TS
2016,international,HIN,사천,0,8,0,0,0,0,1159,0,1,1160,,,A_AIRPORT|A_BF|A_FF|A_FP|A_MF|A_NP|A_OC|A_TS|KOR_N|ORDER_N|PRE_BF|PRE_FF|PRE_FP|PRE_MF|PRE_NP|PRE_OC|PRE_TS
2016,international,ICN,인천,334528,300634,50447748,6327042,377416,57152206,41824371,6579924,316024,48720319,,,A_AIRPORT|A_BF|A_FF|A_FP|A_MF|A_NP|A_OC|A_TS|KOR_N|ORDER_N|PRE_BF|PRE_FF|PRE_FP|PRE_MF|PRE_NP|PRE_OC|PRE_TS
2017,total,ALL,합계,850214,820858,135305579,6462650,1562877,143331106,128438306,6388348,1458396,136285050,,,A_AIRPORT|A_BF|A_FF|A_FP|A_MF|A_NP|A_OC|A_TS|KOR_N|ORDER_N|PRE_BF|PRE_FF|PRE_FP|PRE_MF|PRE_NP|PRE_OC|PRE_TS
2017,total,GMP,김포,145507,146266,24751575,16224,333348,25101147,24711375,6043,325670,25043088,,,A_AIRPORT|A_BF|A_FF|A_FP|A_MF|A_NP|A_OC|A_TS|KOR_N|ORDER_N|PRE_BF|PRE_FF|PRE_FP|PRE_MF|PRE_NP|PRE_OC|PRE_TS
2017,total,PUS,김해,107363,99358,16166292,50075,187174,16403541,14687285,41811,171719,14900815,,,A_AIRPORT|A_BF|A_FF|A_FP|A_MF|A_NP|A_OC|A_TS|KOR_N|ORDER_N|PRE_BF|PRE_FF|PRE_FP|PRE_MF|PRE_NP|PRE_OC|PRE_TS
2017,total,CJU,제주,167280,172743,29141960,8960,453443,29604363,29253557,13435,440372,29707364,,,A_AIRPORT|A_BF|A_FF|A_FP|A_MF|A_NP|A_OC|A_TS|KOR_N|ORDER_N|PRE_BF|PRE_FF|PRE_FP|PRE_MF|PRE_NP|PRE_OC|PRE_TS
2017,total,CJJ,청주,15825,17418,2527183,5,44363,2571551,2692905,2,39848,2732755,,,A_AIRPORT|A_BF|A_FF|A_FP|A_MF|A_NP|A_OC|A_TS|KOR_N|ORDER_N|PRE_BF|PRE_FF|PRE_FP|PRE_MF|PRE_NP|PRE_OC|PRE_TS
2017,total,TAE,대구,23191,17089,3510839,13,49272,3560124,2496241,12,36879,2533132,,,A_AIRPORT|A_BF|A_FF|A_FP|A_MF|A_NP|A_OC|A_TS|KOR_N|ORDER_N|PRE_BF|PRE_FF|PRE_FP|PRE_MF|PRE_NP|PRE_OC|PRE_TS
2017,total,MWX,무안,2146,2330,295523,7,2486,298016,319363,3,2309,321675,,,A_AIRPORT|A_BF|A_FF|A_FP|A_MF|A_NP|A_OC|A_TS|KOR_N|ORDER_N|PRE_BF|PRE_FF|PRE_FP|PRE_MF|PRE_NP|PRE_OC|PRE_TS
2017,total,YNY,양양,179,621,15757,0,23,15780,88524,0,180,88704,,,A_AIRPORT|A_BF|A_FF|A_FP|A_MF|A_NP|A_OC|A_TS|KOR_N|ORDER_N|PRE_BF|PRE_FF|PRE_FP|PRE_MF|PRE_NP|PRE_OC|PRE_TS
2017,total,KWJ,광주,12678,10792,1916493,0,30112,1946605,1587098,0,26677,1613775,,,A_AIRPORT|A_BF|A_FF|A_FP|A_MF|A_NP|A_OC|A_TS|KOR_N|ORDER_N|PRE_BF|PRE_FF|PRE_FP|PRE_MF|PRE_NP|PRE_OC|PRE_TS
2017,total,USN,울산,5337,4891,561065,0,10364,571429,535293,0,10028,545321,,,A_AIRPORT|A_BF|A_FF|A_FP|A_MF|A_NP|A_OC|A_TS|KOR_N|ORDER_N|PRE_BF|PRE_FF|PRE_FP|PRE_MF|PRE_NP|PRE_OC|PRE_TS
2017,total,RSU,여수,5046,4813,581950,0,10559,592509,494554,0,8817,503371,,,A_AIRPORT|A_BF|A_FF|A_FP|A_MF|A_NP|A_OC|A_TS|KOR_N|ORDER_N|PRE_BF|PRE_FF|PRE_FP|PRE_MF|PRE_NP|PRE_OC|PRE_TS
2017,total,KPO,포항경주,1373,916,95779,0,2612,98391,66446,0,1780,68226,,,A_AIRPORT|A_BF|A_FF|A_FP|A_MF|A_NP|A_OC|A_TS|KOR_N|ORDER_N|PRE_BF|PRE_FF|PRE_FP|PRE_MF|PRE_NP|PRE_OC|PRE_TS
2017,total,HIN,사천,1869,1822,174291,0,3970,178261,146675,0,4053,150728,,,A_AIRPORT|A_BF|A_FF|A_FP|A_MF|A_NP|A_OC|A_TS|KOR_N|ORDER_N|PRE_BF|PRE_FF|PRE_FP|PRE_MF|PRE_NP|PRE_OC|PRE_TS
2017,total,KUV,군산,1420,1427,220918,0,4879,225797,226937,0,5195,232132,,,A_AIRPORT|A_BF|A_FF|A_FP|A_MF|A_NP|A_OC|A_TS|KOR_N|ORDER_N|PRE_BF|PRE_FF|PRE_FP|PRE_MF|PRE_NP|PRE_OC|PRE_TS
2017,total,WJU,원주,705,699,79831,0,1729,81560,77012,0,1555,78567,,,A_AIRPORT|A_BF|A_FF|A_FP|A_MF|A_NP|A_OC|A_TS|KOR_N|ORDER_N|PRE_BF|PRE_FF|PRE_FP|PRE_MF|PRE_NP|PRE_OC|PRE_TS
2017,total,ICN,인천,360295,339673,55266123,6387366,428543,62082032,51055041,6327042,383314,57765397,,,A_AIRPORT|A_BF|A_FF|A_FP|A_MF|A_NP|A_OC|A_TS|KOR_N|ORDER_N|PRE_BF|PRE_FF|PRE_FP|PRE_MF|PRE_NP|PRE_OC|PRE_TS
2017,domestic,ALL,합계,393111,381994,64812510,0,1012640,65825150,61825844,0,964100,62789944,,,A_AIRPORT|A_BF|A_FF|A_FP|A_MF|A_NP|A_OC|A_TS|KOR_N|ORDER_N|PRE_BF|PRE_FF|PRE_FP|PRE_MF|PRE_NP|PRE_OC|PRE_TS
2017,domestic,GMP,김포,125136,125754,20755966,0,312501,21068467,20496789,0,304574,20801363,,,A_AIRPORT|A_BF|A_FF|A_FP|A_MF|A_NP|A_OC|A_TS|KOR_N|ORDER_N|PRE_BF|PRE_FF|PRE_FP|PRE_MF|PRE_NP|PRE_OC|PRE_TS
2017,domestic,PUS,김해,48843,46276,7483272,0,107183,7590455,7020072,0,103781,7123853,,,A_AIRPORT|A_BF|A_FF|A_FP|A_MF|A_NP|A_OC|A_TS|KOR_N|ORDER_N|PRE_BF|PRE_FF|PRE_FP|PRE_MF|PRE_NP|PRE_OC|PRE_TS
2017,domestic,CJU,제주,157545,153571,27882725,0,444686,28327411,26545799,0,419680,26965479,,,A_AIRPORT|A_BF|A_FF|A_FP|A_MF|A_NP|A_OC|A_TS|KOR_N|ORDER_N|PRE_BF|PRE_FF|PRE_FP|PRE_MF|PRE_NP|PRE_OC|PRE_TS
2017,domestic,CJJ,청주,14246,13009,2342272,0,43339,2385611,2080718,0,37977,2118695,,,A_AIRPORT|A_BF|A_FF|A_FP|A_MF|A_NP|A_OC|A_TS|KOR_N|ORDER_N|PRE_BF|PRE_FF|PRE_FP|PRE_MF|PRE_NP|PRE_OC|PRE_TS
2017,domestic,TAE,대구,12922,12141,2022289,0,34066,2056355,1816135,0,32156,1848291,,,A_AIRPORT|A_BF|A_FF|A_FP|A_MF|A_NP|A_OC|A_TS|KOR_N|ORDER_N|PRE_BF|PRE_FF|PRE_FP|PRE_MF|PRE_NP|PRE_OC|PRE_TS
2017,domestic,MWX,무안,860,729,139151,0,1916,141067,124750,0,1904,126654,,,A_AIRPORT|A_BF|A_FF|A_FP|A_MF|A_NP|A_OC|A_TS|KOR_N|ORDER_N|PRE_BF|PRE_FF|PRE_FP|PRE_MF|PRE_NP|PRE_OC|PRE_TS
2017,domestic,YNY,양양,0,15,0,0,0,0,931,0,26,957,,,A_AIRPORT|A_BF|A_FF|A_FP|A_MF|A_NP|A_OC|A_TS|KOR_N|ORDER_N|PRE_BF|PRE_FF|PRE_FP|PRE_MF|PRE_NP|PRE_OC|PRE_TS
2017,domestic,KWJ,광주,12678,10792,1916493,0,30112,1946605,1587098,0,26677,1613775,,,A_AIRPORT|A_BF|A_FF|A_FP|A_MF|A_NP|A_OC|A_TS|KOR_N|ORDER_N|PRE_BF|PRE_FF|PRE_FP|PRE_MF|PRE_NP|PRE_OC|PRE_TS
2017,domestic,USN,울산,5337,4891,561065,0,10364,571429,535293,0,10028,545321,,,A_AIRPORT|A_BF|A_FF|A_FP|A_MF|A_NP|A_OC|A_TS|KOR_N|ORDER_N|PRE_BF|PRE_FF|PRE_FP|PRE_MF|PRE_NP|PRE_OC|PRE_TS
2017,domestic,RSU,여수,5046,4813,581950,0,10559,592509,494554,0,8817,503371,,,A_AIRPORT|A_BF|A_FF|A_FP|A_MF|A_NP|A_OC|A_TS|KOR_N|ORDER_N|PRE_BF|PRE_FF|PRE_FP|PRE_MF|PRE_NP|PRE_OC|PRE_TS
2017,domestic,KPO,포항경주,1371,910,95551,0,2612,98163,65788,0,1779,67567,,,A_AIRPORT|A_BF|A_FF|A_FP|A_MF|A_NP|A_OC|A_TS|KOR_N|ORDER_N|PRE_BF|PRE_FF|PRE_FP|PRE_MF|PRE_NP|PRE_OC|PRE_TS
2017,domestic,HIN,사천,1869,1822,174291,0,3970,178261,146675,0,4053,150728,,,A_AIRPORT|A_BF|A_FF|A_FP|A_MF|A_NP|A_OC|A_TS|KOR_N|ORDER_N|PRE_BF|PRE_FF|PRE_FP|PRE_MF|PRE_NP|PRE_OC|PRE_TS
2017,domestic,KUV,군산,1420,1427,220918,0,4879,225797,226937,0,5195,232132,,,A_AIRPORT|A_BF|A_FF|A_FP|A_MF|A_NP|A_OC|A_TS|KOR_N|ORDER_N|PRE_BF|PRE_FF|PRE_FP|PRE_MF|PRE_NP|PRE_OC|PRE_TS
2017,domestic,WJU,원주,705,699,79831,0,1729,81560,77012,0,1555,78567,,,A_AIRPORT|A_BF|A_FF|A_FP|A_MF|A_NP|A_OC|A_TS|KOR_N|ORDER_N|PRE_BF|PRE_FF|PRE_FP|PRE_MF|PRE_NP|PRE_OC|PRE_TS
2017,domestic,ICN,인천,5133,5145,556736,0,4724,561460,607293,0,5898,613191,,,A_AIRPORT|A_BF|A_FF|A_FP|A_MF|A_NP|A_OC|A_TS|KOR_N|ORDER_N|PRE_BF|PRE_FF|PRE_FP|PRE_MF|PRE_NP|PRE_OC|PRE_TS
2017,international,ALL,합계,457103,438864,70493069,6462650,550237,77505956,66612462,6388348,494296,73495106,,,A_AIRPORT|A_BF|A_FF|A_FP|A_MF|A_NP|A_OC|A_TS|KOR_N|ORDER_N|PRE_BF|PRE_FF|PRE_FP|PRE_MF|PRE_NP|PRE_OC|PRE_TS
2017,international,GMP,김포,20371,20512,3995609,16224,20847,4032680,4214586,6043,21096,4241725,,,A_AIRPORT|A_BF|A_FF|A_FP|A_MF|A_NP|A_OC|A_TS|KOR_N|ORDER_N|PRE_BF|PRE_FF|PRE_FP|PRE_MF|PRE_NP|PRE_OC|PRE_TS
2017,international,PUS,김해,58520,53082,8683020,50075,79991,8813086,7667213,41811,67938,7776962,,,A_AIRPORT|A_BF|A_FF|A_FP|A_MF|A_NP|A_OC|A_TS|KOR_N|ORDER_N|PRE_BF|PRE_FF|PRE_FP|PRE_MF|PRE_NP|PRE_OC|PRE_TS
2017,international,CJU,제주,9735,19172,1259235,8960,8757,1276952,2707758,13435,20692,2741885,,,A_AIRPORT|A_BF|A_FF|A_FP|A_MF|A_NP|A_OC|A_TS|KOR_N|ORDER_N|PRE_BF|PRE_FF|PRE_FP|PRE_MF|PRE_NP|PRE_OC|PRE_TS
2017,international,CJJ,청주,1579,4409,184911,5,1024,185940,612187,2,1871,614060,,,A_AIRPORT|A_BF|A_FF|A_FP|A_MF|A_NP|A_OC|A_TS|KOR_N|ORDER_N|PRE_BF|PRE_FF|PRE_FP|PRE_MF|PRE_NP|PRE_OC|PRE_TS
2017,international,TAE,대구,10269,4948,1488550,13,15206,1503769,680106,12,4723,684841,,,A_AIRPORT|A_BF|A_FF|A_FP|A_MF|A_NP|A_OC|A_TS|KOR_N|ORDER_N|PRE_BF|PRE_FF|PRE_FP|PRE_MF|PRE_NP|PRE_OC|PRE_TS
2017,international,MWX,무안,1286,1601,156372,7,570,156949,194613,3,405,195021,,,A_AIRPORT|A_BF|A_FF|A_FP|A_MF|A_NP|A_OC|A_TS|KOR_N|ORDER_N|PRE_BF|PRE_FF|PRE_FP|PRE_MF|PRE_NP|PRE_OC|PRE_TS
2017,international,YNY,양양,179,606,15757,0,23,15780,87593,0,154,87747,,,A_AIRPORT|A_BF|A_FF|A_FP|A_MF|A_NP|A_OC|A_TS|KOR_N|ORDER_N|PRE_BF|PRE_FF|PRE_FP|PRE_MF|PRE_NP|PRE_OC|PRE_TS
2017,international,KPO,포항경주,2,6,228,0,0,228,658,0,1,659,,,A_AIRPORT|A_BF|A_FF|A_FP|A_MF|A_NP|A_OC|A_TS|KOR_N|ORDER_N|PRE_BF|PRE_FF|PRE_FP|PRE_MF|PRE_NP|PRE_OC|PRE_TS
2017,international,ICN,인천,355162,334528,54709387,6387366,423819,61520572,50447748,6327042,377416,57152206,,,A_AIRPORT|A_BF|A_FF|A_FP|A_MF|A_NP|A_OC|A_TS|KOR_N|ORDER_N|PRE_BF|PRE_FF|PRE_FP|PRE_MF|PRE_NP|PRE_OC|PRE_TS
2018,total,ALL,합계,885955,850214,142166557,6959951,1390909,150517417,135305579,6462650,1562877,143331106,,,A_AIRPORT|A_BF|A_FF|A_FP|A_MF|A_NP|A_OC|A_TS|KOR_N|ORDER_N|PRE_BF|PRE_FF|PRE_FP|PRE_MF|PRE_NP|PRE_OC|PRE_TS
2018,total,GMP,김포,141080,145507,24283874,38039,280675,24602588,24751575,16224,333348,25101147,,,A_AIRPORT|A_BF|A_FF|A_FP|A_MF|A_NP|A_OC|A_TS|KOR_N|ORDER_N|PRE_BF|PRE_FF|PRE_FP|PRE_MF|PRE_NP|PRE_OC|PRE_TS
2018,total,PUS,김해,110924,107363,16822472,81057,161084,17064613,16166292,50075,187174,16403541,,,A_AIRPORT|A_BF|A_FF|A_FP|A_MF|A_NP|A_OC|A_TS|KOR_N|ORDER_N|PRE_BF|PRE_FF|PRE_FP|PRE_MF|PRE_NP|PRE_OC|PRE_TS
2018,total,CJU,제주,168331,167280,29055385,9491,390429,29455305,29141960,8960,453443,29604363,,,A_AIRPORT|A_BF|A_FF|A_FP|A_MF|A_NP|A_OC|A_TS|KOR_N|ORDER_N|PRE_BF|PRE_FF|PRE_FP|PRE_MF|PRE_NP|PRE_OC|PRE_TS
2018,total,CJJ,청주,15683,15825,2417158,6,36485,2453649,2527183,5,44363,2571551,,,A_AIRPORT|A_BF|A_FF|A_FP|A_MF|A_NP|A_OC|A_TS|KOR_N|ORDER_N|PRE_BF|PRE_FF|PRE_FP|PRE_MF|PRE_NP|PRE_OC|PRE_TS
2018,total,TAE,대구,26800,23191,4019081,5,43747,4062833,3510839,13,49272,3560124,,,A_AIRPORT|A_BF|A_FF|A_FP|A_MF|A_NP|A_OC|A_TS|KOR_N|ORDER_N|PRE_BF|PRE_FF|PRE_FP|PRE_MF|PRE_NP|PRE_OC|PRE_TS
2018,total,MWX,무안,3818,2146,538727,1,4519,543247,295523,7,2486,298016,,,A_AIRPORT|A_BF|A_FF|A_FP|A_MF|A_NP|A_OC|A_TS|KOR_N|ORDER_N|PRE_BF|PRE_FF|PRE_FP|PRE_MF|PRE_NP|PRE_OC|PRE_TS
2018,total,YNY,양양,342,179,37618,2,51,37671,15757,0,23,15780,,,A_AIRPORT|A_BF|A_FF|A_FP|A_MF|A_NP|A_OC|A_TS|KOR_N|ORDER_N|PRE_BF|PRE_FF|PRE_FP|PRE_MF|PRE_NP|PRE_OC|PRE_TS
2018,total,KWJ,광주,13546,12678,1959801,0,26324,1986125,1916493,0,30112,1946605,,,A_AIRPORT|A_BF|A_FF|A_FP|A_MF|A_NP|A_OC|A_TS|KOR_N|ORDER_N|PRE_BF|PRE_FF|PRE_FP|PRE_MF|PRE_NP|PRE_OC|PRE_TS
2018,total,USN,울산,7189,5337,803768,0,13573,817341,561065,0,10364,571429,,,A_AIRPORT|A_BF|A_FF|A_FP|A_MF|A_NP|A_OC|A_TS|KOR_N|ORDER_N|PRE_BF|PRE_FF|PRE_FP|PRE_MF|PRE_NP|PRE_OC|PRE_TS
2018,total,RSU,여수,4987,5046,580762,0,9350,590112,581950,0,10559,592509,,,A_AIRPORT|A_BF|A_FF|A_FP|A_MF|A_NP|A_OC|A_TS|KOR_N|ORDER_N|PRE_BF|PRE_FF|PRE_FP|PRE_MF|PRE_NP|PRE_OC|PRE_TS
2018,total,KPO,포항경주,1358,1373,81913,0,1905,83818,95779,0,2612,98391,,,A_AIRPORT|A_BF|A_FF|A_FP|A_MF|A_NP|A_OC|A_TS|KOR_N|ORDER_N|PRE_BF|PRE_FF|PRE_FP|PRE_MF|PRE_NP|PRE_OC|PRE_TS
2018,total,HIN,사천,1912,1869,179214,0,3472,182686,174291,0,3970,178261,,,A_AIRPORT|A_BF|A_FF|A_FP|A_MF|A_NP|A_OC|A_TS|KOR_N|ORDER_N|PRE_BF|PRE_FF|PRE_FP|PRE_MF|PRE_NP|PRE_OC|PRE_TS
2018,total,KUV,군산,1798,1420,286512,0,5429,291941,220918,0,4879,225797,,,A_AIRPORT|A_BF|A_FF|A_FP|A_MF|A_NP|A_OC|A_TS|KOR_N|ORDER_N|PRE_BF|PRE_FF|PRE_FP|PRE_MF|PRE_NP|PRE_OC|PRE_TS
2018,total,WJU,원주,690,705,83985,0,1740,85725,79831,0,1729,81560,,,A_AIRPORT|A_BF|A_FF|A_FP|A_MF|A_NP|A_OC|A_TS|KOR_N|ORDER_N|PRE_BF|PRE_FF|PRE_FP|PRE_MF|PRE_NP|PRE_OC|PRE_TS
2018,total,ICN,인천,387497,360295,61016287,6831350,412126,68259763,55266123,6387366,428543,62082032,,,A_AIRPORT|A_BF|A_FF|A_FP|A_MF|A_NP|A_OC|A_TS|KOR_N|ORDER_N|PRE_BF|PRE_FF|PRE_FP|PRE_MF|PRE_NP|PRE_OC|PRE_TS
2018,domestic,ALL,합계,388864,393111,63201220,0,852628,64053848,64812510,0,1012640,65825150,,,A_AIRPORT|A_BF|A_FF|A_FP|A_MF|A_NP|A_OC|A_TS|KOR_N|ORDER_N|PRE_BF|PRE_FF|PRE_FP|PRE_MF|PRE_NP|PRE_OC|PRE_TS
2018,domestic,GMP,김포,120801,125136,20051563,0,260729,20312292,20755966,0,312501,21068467,,,A_AIRPORT|A_BF|A_FF|A_FP|A_MF|A_NP|A_OC|A_TS|KOR_N|ORDER_N|PRE_BF|PRE_FF|PRE_FP|PRE_MF|PRE_NP|PRE_OC|PRE_TS
2018,domestic,PUS,김해,47442,48843,7113520,0,84214,7197734,7483272,0,107183,7590455,,,A_AIRPORT|A_BF|A_FF|A_FP|A_MF|A_NP|A_OC|A_TS|KOR_N|ORDER_N|PRE_BF|PRE_FF|PRE_FP|PRE_MF|PRE_NP|PRE_OC|PRE_TS
2018,domestic,CJU,제주,155772,157545,27179747,0,376080,27555827,27882725,0,444686,28327411,,,A_AIRPORT|A_BF|A_FF|A_FP|A_MF|A_NP|A_OC|A_TS|KOR_N|ORDER_N|PRE_BF|PRE_FF|PRE_FP|PRE_MF|PRE_NP|PRE_OC|PRE_TS
2018,domestic,CJJ,청주,12815,14246,2100990,0,34570,2135560,2342272,0,43339,2385611,,,A_AIRPORT|A_BF|A_FF|A_FP|A_MF|A_NP|A_OC|A_TS|KOR_N|ORDER_N|PRE_BF|PRE_FF|PRE_FP|PRE_MF|PRE_NP|PRE_OC|PRE_TS
2018,domestic,TAE,대구,13287,12922,1985261,0,28947,2014208,2022289,0,34066,2056355,,,A_AIRPORT|A_BF|A_FF|A_FP|A_MF|A_NP|A_OC|A_TS|KOR_N|ORDER_N|PRE_BF|PRE_FF|PRE_FP|PRE_MF|PRE_NP|PRE_OC|PRE_TS
2018,domestic,MWX,무안,1510,860,214200,0,2525,216725,139151,0,1916,141067,,,A_AIRPORT|A_BF|A_FF|A_FP|A_MF|A_NP|A_OC|A_TS|KOR_N|ORDER_N|PRE_BF|PRE_FF|PRE_FP|PRE_MF|PRE_NP|PRE_OC|PRE_TS
2018,domestic,YNY,양양,7,0,138,0,0,138,0,0,0,0,,,A_AIRPORT|A_BF|A_FF|A_FP|A_MF|A_NP|A_OC|A_TS|KOR_N|ORDER_N|PRE_BF|PRE_FF|PRE_FP|PRE_MF|PRE_NP|PRE_OC|PRE_TS
2018,domestic,KWJ,광주,13546,12678,1959801,0,26324,1986125,1916493,0,30112,1946605,,,A_AIRPORT|A_BF|A_FF|A_FP|A_MF|A_NP|A_OC|A_TS|KOR_N|ORDER_N|PRE_BF|PRE_FF|PRE_FP|PRE_MF|PRE_NP|PRE_OC|PRE_TS
2018,domestic,USN,울산,7189,5337,803768,0,13573,817341,561065,0,10364,571429,,,A_AIRPORT|A_BF|A_FF|A_FP|A_MF|A_NP|A_OC|A_TS|KOR_N|ORDER_N|PRE_BF|PRE_FF|PRE_FP|PRE_MF|PRE_NP|PRE_OC|PRE_TS
2018,domestic,RSU,여수,4987,5046,580762,0,9350,590112,581950,0,10559,592509,,,A_AIRPORT|A_BF|A_FF|A_FP|A_MF|A_NP|A_OC|A_TS|KOR_N|ORDER_N|PRE_BF|PRE_FF|PRE_FP|PRE_MF|PRE_NP|PRE_OC|PRE_TS
2018,domestic,KPO,포항경주,1358,1371,81913,0,1905,83818,95551,0,2612,98163,,,A_AIRPORT|A_BF|A_FF|A_FP|A_MF|A_NP|A_OC|A_TS|KOR_N|ORDER_N|PRE_BF|PRE_FF|PRE_FP|PRE_MF|PRE_NP|PRE_OC|PRE_TS
2018,domestic,HIN,사천,1912,1869,179214,0,3472,182686,174291,0,3970,178261,,,A_AIRPORT|A_BF|A_FF|A_FP|A_MF|A_NP|A_OC|A_TS|KOR_N|ORDER_N|PRE_BF|PRE_FF|PRE_FP|PRE_MF|PRE_NP|PRE_OC|PRE_TS
2018,domestic,KUV,군산,1798,1420,286512,0,5429,291941,220918,0,4879,225797,,,A_AIRPORT|A_BF|A_FF|A_FP|A_MF|A_NP|A_OC|A_TS|KOR_N|ORDER_N|PRE_BF|PRE_FF|PRE_FP|PRE_MF|PRE_NP|PRE_OC|PRE_TS
2018,domestic,WJU,원주,690,705,83985,0,1740,85725,79831,0,1729,81560,,,A_AIRPORT|A_BF|A_FF|A_FP|A_MF|A_NP|A_OC|A_TS|KOR_N|ORDER_N|PRE_BF|PRE_FF|PRE_FP|PRE_MF|PRE_NP|PRE_OC|PRE_TS
2018,domestic,ICN,인천,5750,5133,579846,0,3770,583616,556736,0,4724,561460,,,A_AIRPORT|A_BF|A_FF|A_FP|A_MF|A_NP|A_OC|A_TS|KOR_N|ORDER_N|PRE_BF|PRE_FF|PRE_FP|PRE_MF|PRE_NP|PRE_OC|PRE_TS
2018,international,ALL,합계,497091,457103,78965337,6959951,538281,86463569,70493069,6462650,550237,77505956,,,A_AIRPORT|A_BF|A_FF|A_FP|A_MF|A_NP|A_OC|A_TS|KOR_N|ORDER_N|PRE_BF|PRE_FF|PRE_FP|PRE_MF|PRE_NP|PRE_OC|PRE_TS
2018,international,GMP,김포,20279,20371,4232311,38039,19946,4290296,3995609,16224,20847,4032680,,,A_AIRPORT|A_BF|A_FF|A_FP|A_MF|A_NP|A_OC|A_TS|KOR_N|ORDER_N|PRE_BF|PRE_FF|PRE_FP|PRE_MF|PRE_NP|PRE_OC|PRE_TS
2018,international,PUS,김해,63482,58520,9708952,81057,76870,9866879,8683020,50075,79991,8813086,,,A_AIRPORT|A_BF|A_FF|A_FP|A_MF|A_NP|A_OC|A_TS|KOR_N|ORDER_N|PRE_BF|PRE_FF|PRE_FP|PRE_MF|PRE_NP|PRE_OC|PRE_TS
2018,international,CJU,제주,12559,9735,1875638,9491,14349,1899478,1259235,8960,8757,1276952,,,A_AIRPORT|A_BF|A_FF|A_FP|A_MF|A_NP|A_OC|A_TS|KOR_N|ORDER_N|PRE_BF|PRE_FF|PRE_FP|PRE_MF|PRE_NP|PRE_OC|PRE_TS
2018,international,CJJ,청주,2868,1579,316168,6,1915,318089,184911,5,1024,185940,,,A_AIRPORT|A_BF|A_FF|A_FP|A_MF|A_NP|A_OC|A_TS|KOR_N|ORDER_N|PRE_BF|PRE_FF|PRE_FP|PRE_MF|PRE_NP|PRE_OC|PRE_TS
2018,international,TAE,대구,13513,10269,2033820,5,14800,2048625,1488550,13,15206,1503769,,,A_AIRPORT|A_BF|A_FF|A_FP|A_MF|A_NP|A_OC|A_TS|KOR_N|ORDER_N|PRE_BF|PRE_FF|PRE_FP|PRE_MF|PRE_NP|PRE_OC|PRE_TS
2018,international,MWX,무안,2308,1286,324527,1,1994,326522,156372,7,570,156949,,,A_AIRPORT|A_BF|A_FF|A_FP|A_MF|A_NP|A_OC|A_TS|KOR_N|ORDER_N|PRE_BF|PRE_FF|PRE_FP|PRE_MF|PRE_NP|PRE_OC|PRE_TS
2018,international,YNY,양양,335,179,37480,2,51,37533,15757,0,23,15780,,,A_AIRPORT|A_BF|A_FF|A_FP|A_MF|A_NP|A_OC|A_TS|KOR_N|ORDER_N|PRE_BF|PRE_FF|PRE_FP|PRE_MF|PRE_NP|PRE_OC|PRE_TS
2018,international,KPO,포항경주,0,2,0,0,0,0,228,0,0,228,,,A_AIRPORT|A_BF|A_FF|A_FP|A_MF|A_NP|A_OC|A_TS|KOR_N|ORDER_N|PRE_BF|PRE_FF|PRE_FP|PRE_MF|PRE_NP|PRE_OC|PRE_TS
2018,international,ICN,인천,381747,355162,60436441,6831350,408356,67676147,54709387,6387366,423819,61520572,,,A_AIRPORT|A_BF|A_FF|A_FP|A_MF|A_NP|A_OC|A_TS|KOR_N|ORDER_N|PRE_BF|PRE_FF|PRE_FP|PRE_MF|PRE_NP|PRE_OC|PRE_TS
2019,total,ALL,합계,918941,885955,149026262,7321314,1325868,157673444,142166557,6959951,1390909,150517417,,,A_AIRPORT|A_BF|A_FF|A_FP|A_MF|A_NP|A_OC|A_TS|KOR_N|ORDER_N|PRE_BF|PRE_FF|PRE_FP|PRE_MF|PRE_NP|PRE_OC|PRE_TS
2019,total,GMP,김포,140422,141080,25144517,38079,265820,25448416,24283874,38039,280675,24602588,,,A_AIRPORT|A_BF|A_FF|A_FP|A_MF|A_NP|A_OC|A_TS|KOR_N|ORDER_N|PRE_BF|PRE_FF|PRE_FP|PRE_MF|PRE_NP|PRE_OC|PRE_TS
2019,total,PUS,김해,111276,110924,16710067,80376,140580,16931023,16822472,81057,161084,17064613,,,A_AIRPORT|A_BF|A_FF|A_FP|A_MF|A_NP|A_OC|A_TS|KOR_N|ORDER_N|PRE_BF|PRE_FF|PRE_FP|PRE_MF|PRE_NP|PRE_OC|PRE_TS
2019,total,CJU,제주,175366,168331,30933561,6689,376144,31316394,29055385,9491,390429,29455305,,,A_AIRPORT|A_BF|A_FF|A_FP|A_MF|A_NP|A_OC|A_TS|KOR_N|ORDER_N|PRE_BF|PRE_FF|PRE_FP|PRE_MF|PRE_NP|PRE_OC|PRE_TS
2019,total,CJJ,청주,18648,15683,2967970,2,41079,3009051,2417158,6,36485,2453649,,,A_AIRPORT|A_BF|A_FF|A_FP|A_MF|A_NP|A_OC|A_TS|KOR_N|ORDER_N|PRE_BF|PRE_FF|PRE_FP|PRE_MF|PRE_NP|PRE_OC|PRE_TS
2019,total,TAE,대구,31236,26800,4625422,45,43590,4669057,4019081,5,43747,4062833,,,A_AIRPORT|A_BF|A_FF|A_FP|A_MF|A_NP|A_OC|A_TS|KOR_N|ORDER_N|PRE_BF|PRE_FF|PRE_FP|PRE_MF|PRE_NP|PRE_OC|PRE_TS
2019,total,MWX,무안,6585,3818,888153,2,7255,895410,538727,1,4519,543247,,,A_AIRPORT|A_BF|A_FF|A_FP|A_MF|A_NP|A_OC|A_TS|KOR_N|ORDER_N|PRE_BF|PRE_FF|PRE_FP|PRE_MF|PRE_NP|PRE_OC|PRE_TS
2019,total,YNY,양양,435,342,53994,0,289,54283,37618,2,51,37671,,,A_AIRPORT|A_BF|A_FF|A_FP|A_MF|A_NP|A_OC|A_TS|KOR_N|ORDER_N|PRE_BF|PRE_FF|PRE_FP|PRE_MF|PRE_NP|PRE_OC|PRE_TS
2019,total,KWJ,광주,13297,13546,2001916,0,24735,2026651,1959801,0,26324,1986125,,,A_AIRPORT|A_BF|A_FF|A_FP|A_MF|A_NP|A_OC|A_TS|KOR_N|ORDER_N|PRE_BF|PRE_FF|PRE_FP|PRE_MF|PRE_NP|PRE_OC|PRE_TS
2019,total,USN,울산,6612,7189,774701,0,12038,786739,803768,0,13573,817341,,,A_AIRPORT|A_BF|A_FF|A_FP|A_MF|A_NP|A_OC|A_TS|KOR_N|ORDER_N|PRE_BF|PRE_FF|PRE_FP|PRE_MF|PRE_NP|PRE_OC|PRE_TS
2019,total,RSU,여수,5002,4987,626880,0,8757,635637,580762,0,9350,590112,,,A_AIRPORT|A_BF|A_FF|A_FP|A_MF|A_NP|A_OC|A_TS|KOR_N|ORDER_N|PRE_BF|PRE_FF|PRE_FP|PRE_MF|PRE_NP|PRE_OC|PRE_TS
2019,total,KPO,포항경주,1162,1358,91646,0,2123,93769,81913,0,1905,83818,,,A_AIRPORT|A_BF|A_FF|A_FP|A_MF|A_NP|A_OC|A_TS|KOR_N|ORDER_N|PRE_BF|PRE_FF|PRE_FP|PRE_MF|PRE_NP|PRE_OC|PRE_TS
2019,total,HIN,사천,1937,1912,215344,0,3945,219289,179214,0,3472,182686,,,A_AIRPORT|A_BF|A_FF|A_FP|A_MF|A_NP|A_OC|A_TS|KOR_N|ORDER_N|PRE_BF|PRE_FF|PRE_FP|PRE_MF|PRE_NP|PRE_OC|PRE_TS
2019,total,KUV,군산,1955,1798,301652,0,4866,306518,286512,0,5429,291941,,,A_AIRPORT|A_BF|A_FF|A_FP|A_MF|A_NP|A_OC|A_TS|KOR_N|ORDER_N|PRE_BF|PRE_FF|PRE_FP|PRE_MF|PRE_NP|PRE_OC|PRE_TS
2019,total,WJU,원주,904,690,109443,0,2042,111485,83985,0,1740,85725,,,A_AIRPORT|A_BF|A_FF|A_FP|A_MF|A_NP|A_OC|A_TS|KOR_N|ORDER_N|PRE_BF|PRE_FF|PRE_FP|PRE_MF|PRE_NP|PRE_OC|PRE_TS
2019,total,ICN,인천,404104,387497,63580996,7196121,392605,71169722,61016287,6831350,412126,68259763,,,A_AIRPORT|A_BF|A_FF|A_FP|A_MF|A_NP|A_OC|A_TS|KOR_N|ORDER_N|PRE_BF|PRE_FF|PRE_FP|PRE_MF|PRE_NP|PRE_OC|PRE_TS
2019,domestic,ALL,합계,390698,388864,65961936,0,811186,66773122,63201220,0,852628,64053848,,,A_AIRPORT|A_BF|A_FF|A_FP|A_MF|A_NP|A_OC|A_TS|KOR_N|ORDER_N|PRE_BF|PRE_FF|PRE_FP|PRE_MF|PRE_NP|PRE_OC|PRE_TS
2019,domestic,GMP,김포,120121,120801,20929396,0,246731,21176127,20051563,0,260729,20312292,,,A_AIRPORT|A_BF|A_FF|A_FP|A_MF|A_NP|A_OC|A_TS|KOR_N|ORDER_N|PRE_BF|PRE_FF|PRE_FP|PRE_MF|PRE_NP|PRE_OC|PRE_TS
2019,domestic,PUS,김해,47115,47442,7266101,0,74372,7340473,7113520,0,84214,7197734,,,A_AIRPORT|A_BF|A_FF|A_FP|A_MF|A_NP|A_OC|A_TS|KOR_N|ORDER_N|PRE_BF|PRE_FF|PRE_FP|PRE_MF|PRE_NP|PRE_OC|PRE_TS
2019,domestic,CJU,제주,157830,155772,28288099,0,360242,28648341,27179747,0,376080,27555827,,,A_AIRPORT|A_BF|A_FF|A_FP|A_MF|A_NP|A_OC|A_TS|KOR_N|ORDER_N|PRE_BF|PRE_FF|PRE_FP|PRE_MF|PRE_NP|PRE_OC|PRE_TS
2019,domestic,CJJ,청주,14713,12815,2475018,0,38420,2513438,2100990,0,34570,2135560,,,A_AIRPORT|A_BF|A_FF|A_FP|A_MF|A_NP|A_OC|A_TS|KOR_N|ORDER_N|PRE_BF|PRE_FF|PRE_FP|PRE_MF|PRE_NP|PRE_OC|PRE_TS
2019,domestic,TAE,대구,13201,13287,2066427,0,27014,2093441,1985261,0,28947,2014208,,,A_AIRPORT|A_BF|A_FF|A_FP|A_MF|A_NP|A_OC|A_TS|KOR_N|ORDER_N|PRE_BF|PRE_FF|PRE_FP|PRE_MF|PRE_NP|PRE_OC|PRE_TS
2019,domestic,MWX,무안,1390,1510,205912,0,2218,208130,214200,0,2525,216725,,,A_AIRPORT|A_BF|A_FF|A_FP|A_MF|A_NP|A_OC|A_TS|KOR_N|ORDER_N|PRE_BF|PRE_FF|PRE_FP|PRE_MF|PRE_NP|PRE_OC|PRE_TS
2019,domestic,YNY,양양,174,7,21752,0,226,21978,138,0,0,138,,,A_AIRPORT|A_BF|A_FF|A_FP|A_MF|A_NP|A_OC|A_TS|KOR_N|ORDER_N|PRE_BF|PRE_FF|PRE_FP|PRE_MF|PRE_NP|PRE_OC|PRE_TS
2019,domestic,KWJ,광주,13297,13546,2001916,0,24735,2026651,1959801,0,26324,1986125,,,A_AIRPORT|A_BF|A_FF|A_FP|A_MF|A_NP|A_OC|A_TS|KOR_N|ORDER_N|PRE_BF|PRE_FF|PRE_FP|PRE_MF|PRE_NP|PRE_OC|PRE_TS
2019,domestic,USN,울산,6608,7189,774137,0,12036,786173,803768,0,13573,817341,,,A_AIRPORT|A_BF|A_FF|A_FP|A_MF|A_NP|A_OC|A_TS|KOR_N|ORDER_N|PRE_BF|PRE_FF|PRE_FP|PRE_MF|PRE_NP|PRE_OC|PRE_TS
2019,domestic,RSU,여수,5002,4987,626880,0,8757,635637,580762,0,9350,590112,,,A_AIRPORT|A_BF|A_FF|A_FP|A_MF|A_NP|A_OC|A_TS|KOR_N|ORDER_N|PRE_BF|PRE_FF|PRE_FP|PRE_MF|PRE_NP|PRE_OC|PRE_TS
2019,domestic,KPO,포항경주,1162,1358,91646,0,2123,93769,81913,0,1905,83818,,,A_AIRPORT|A_BF|A_FF|A_FP|A_MF|A_NP|A_OC|A_TS|KOR_N|ORDER_N|PRE_BF|PRE_FF|PRE_FP|PRE_MF|PRE_NP|PRE_OC|PRE_TS
2019,domestic,HIN,사천,1937,1912,215344,0,3945,219289,179214,0,3472,182686,,,A_AIRPORT|A_BF|A_FF|A_FP|A_MF|A_NP|A_OC|A_TS|KOR_N|ORDER_N|PRE_BF|PRE_FF|PRE_FP|PRE_MF|PRE_NP|PRE_OC|PRE_TS
2019,domestic,KUV,군산,1955,1798,301652,0,4866,306518,286512,0,5429,291941,,,A_AIRPORT|A_BF|A_FF|A_FP|A_MF|A_NP|A_OC|A_TS|KOR_N|ORDER_N|PRE_BF|PRE_FF|PRE_FP|PRE_MF|PRE_NP|PRE_OC|PRE_TS
2019,domestic,WJU,원주,904,690,109443,0,2042,111485,83985,0,1740,85725,,,A_AIRPORT|A_BF|A_FF|A_FP|A_MF|A_NP|A_OC|A_TS|KOR_N|ORDER_N|PRE_BF|PRE_FF|PRE_FP|PRE_MF|PRE_NP|PRE_OC|PRE_TS
2019,domestic,ICN,인천,5289,5750,588213,0,3459,591672,579846,0,3770,583616,,,A_AIRPORT|A_BF|A_FF|A_FP|A_MF|A_NP|A_OC|A_TS|KOR_N|ORDER_N|PRE_BF|PRE_FF|PRE_FP|PRE_MF|PRE_NP|PRE_OC|PRE_TS
2019,international,ALL,합계,528243,497091,83064326,7321314,514682,90900322,78965337,6959951,538281,86463569,,,A_AIRPORT|A_BF|A_FF|A_FP|A_MF|A_NP|A_OC|A_TS|KOR_N|ORDER_N|PRE_BF|PRE_FF|PRE_FP|PRE_MF|PRE_NP|PRE_OC|PRE_TS
2019,international,GMP,김포,20301,20279,4215121,38079,19089,4272289,4232311,38039,19946,4290296,,,A_AIRPORT|A_BF|A_FF|A_FP|A_MF|A_NP|A_OC|A_TS|KOR_N|ORDER_N|PRE_BF|PRE_FF|PRE_FP|PRE_MF|PRE_NP|PRE_OC|PRE_TS
2019,international,PUS,김해,64161,63482,9443966,80376,66208,9590550,9708952,81057,76870,9866879,,,A_AIRPORT|A_BF|A_FF|A_FP|A_MF|A_NP|A_OC|A_TS|KOR_N|ORDER_N|PRE_BF|PRE_FF|PRE_FP|PRE_MF|PRE_NP|PRE_OC|PRE_TS
2019,international,CJU,제주,17536,12559,2645462,6689,15902,2668053,1875638,9491,14349,1899478,,,A_AIRPORT|A_BF|A_FF|A_FP|A_MF|A_NP|A_OC|A_TS|KOR_N|ORDER_N|PRE_BF|PRE_FF|PRE_FP|PRE_MF|PRE_NP|PRE_OC|PRE_TS
2019,international,CJJ,청주,3935,2868,492952,2,2659,495613,316168,6,1915,318089,,,A_AIRPORT|A_BF|A_FF|A_FP|A_MF|A_NP|A_OC|A_TS|KOR_N|ORDER_N|PRE_BF|PRE_FF|PRE_FP|PRE_MF|PRE_NP|PRE_OC|PRE_TS
2019,international,TAE,대구,18035,13513,2558995,45,16576,2575616,2033820,5,14800,2048625,,,A_AIRPORT|A_BF|A_FF|A_FP|A_MF|A_NP|A_OC|A_TS|KOR_N|ORDER_N|PRE_BF|PRE_FF|PRE_FP|PRE_MF|PRE_NP|PRE_OC|PRE_TS
2019,international,MWX,무안,5195,2308,682241,2,5037,687280,324527,1,1994,326522,,,A_AIRPORT|A_BF|A_FF|A_FP|A_MF|A_NP|A_OC|A_TS|KOR_N|ORDER_N|PRE_BF|PRE_FF|PRE_FP|PRE_MF|PRE_NP|PRE_OC|PRE_TS
2019,international,YNY,양양,261,335,32242,0,63,32305,37480,2,51,37533,,,A_AIRPORT|A_BF|A_FF|A_FP|A_MF|A_NP|A_OC|A_TS|KOR_N|ORDER_N|PRE_BF|PRE_FF|PRE_FP|PRE_MF|PRE_NP|PRE_OC|PRE_TS
2019,international,USN,울산,4,0,564,0,2,566,0,0,0,0,,,A_AIRPORT|A_BF|A_FF|A_FP|A_MF|A_NP|A_OC|A_TS|KOR_N|ORDER_N|PRE_BF|PRE_FF|PRE_FP|PRE_MF|PRE_NP|PRE_OC|PRE_TS
2019,international,ICN,인천,398815,381747,62992783,7196121,389146,70578050,60436441,6831350,408356,67676147,,,A_AIRPORT|A_BF|A_FF|A_FP|A_MF|A_NP|A_OC|A_TS|KOR_N|ORDER_N|PRE_BF|PRE_FF|PRE_FP|PRE_MF|PRE_NP|PRE_OC|PRE_TS
2020,total,ALL,합계,511980,918941,62645582,1922416,459065,65027063,149026262,7321314,1325868,157673444,,,A_AIRPORT|A_BF|A_FF|A_FP|A_MF|A_NP|A_OC|A_TS|KOR_N|ORDER_N|PRE_BF|PRE_FF|PRE_FP|PRE_MF|PRE_NP|PRE_OC|PRE_TS
2020,total,GMP,김포,113580,140422,17323722,3431,119086,17446239,25144517,38079,265820,25448416,,,A_AIRPORT|A_BF|A_FF|A_FP|A_MF|A_NP|A_OC|A_TS|KOR_N|ORDER_N|PRE_BF|PRE_FF|PRE_FP|PRE_MF|PRE_NP|PRE_OC|PRE_TS
2020,total,PUS,김해,53150,111276,7185397,6872,43383,7235652,16710067,80376,140580,16931023,,,A_AIRPORT|A_BF|A_FF|A_FP|A_MF|A_NP|A_OC|A_TS|KOR_N|ORDER_N|PRE_BF|PRE_FF|PRE_FP|PRE_MF|PRE_NP|PRE_OC|PRE_TS
2020,total,CJU,제주,138256,175366,20884621,59,170016,21054696,30933561,6689,376144,31316394,,,A_AIRPORT|A_BF|A_FF|A_FP|A_MF|A_NP|A_OC|A_TS|KOR_N|ORDER_N|PRE_BF|PRE_FF|PRE_FP|PRE_MF|PRE_NP|PRE_OC|PRE_TS
2020,total,CJJ,청주,13625,18648,1951434,0,19429,1970863,2967970,2,41079,3009051,,,A_AIRPORT|A_BF|A_FF|A_FP|A_MF|A_NP|A_OC|A_TS|KOR_N|ORDER_N|PRE_BF|PRE_FF|PRE_FP|PRE_MF|PRE_NP|PRE_OC|PRE_TS
2020,total,TAE,대구,12990,31236,1735239,3,14154,1749396,4625422,45,43590,4669057,,,A_AIRPORT|A_BF|A_FF|A_FP|A_MF|A_NP|A_OC|A_TS|KOR_N|ORDER_N|PRE_BF|PRE_FF|PRE_FP|PRE_MF|PRE_NP|PRE_OC|PRE_TS
2020,total,MWX,무안,930,6585,112068,0,870,112938,888153,2,7255,895410,,,A_AIRPORT|A_BF|A_FF|A_FP|A_MF|A_NP|A_OC|A_TS|KOR_N|ORDER_N|PRE_BF|PRE_FF|PRE_FP|PRE_MF|PRE_NP|PRE_OC|PRE_TS
2020,total,YNY,양양,2542,435,236768,0,1980,238748,53994,0,289,54283,,,A_AIRPORT|A_BF|A_FF|A_FP|A_MF|A_NP|A_OC|A_TS|KOR_N|ORDER_N|PRE_BF|PRE_FF|PRE_FP|PRE_MF|PRE_NP|PRE_OC|PRE_TS
2020,total,KWJ,광주,13575,13297,1712916,0,13567,1726483,2001916,0,24735,2026651,,,A_AIRPORT|A_BF|A_FF|A_FP|A_MF|A_NP|A_OC|A_TS|KOR_N|ORDER_N|PRE_BF|PRE_FF|PRE_FP|PRE_MF|PRE_NP|PRE_OC|PRE_TS
2020,total,USN,울산,4930,6612,549273,0,5084,554357,774701,0,12038,786739,,,A_AIRPORT|A_BF|A_FF|A_FP|A_MF|A_NP|A_OC|A_TS|KOR_N|ORDER_N|PRE_BF|PRE_FF|PRE_FP|PRE_MF|PRE_NP|PRE_OC|PRE_TS
2020,total,RSU,여수,5846,5002,641703,0,5181,646884,626880,0,8757,635637,,,A_AIRPORT|A_BF|A_FF|A_FP|A_MF|A_NP|A_OC|A_TS|KOR_N|ORDER_N|PRE_BF|PRE_FF|PRE_FP|PRE_MF|PRE_NP|PRE_OC|PRE_TS
2020,total,KPO,포항경주,838,1162,65229,0,765,65994,91646,0,2123,93769,,,A_AIRPORT|A_BF|A_FF|A_FP|A_MF|A_NP|A_OC|A_TS|KOR_N|ORDER_N|PRE_BF|PRE_FF|PRE_FP|PRE_MF|PRE_NP|PRE_OC|PRE_TS
2020,total,HIN,사천,320,1937,26979,0,454,27433,215344,0,3945,219289,,,A_AIRPORT|A_BF|A_FF|A_FP|A_MF|A_NP|A_OC|A_TS|KOR_N|ORDER_N|PRE_BF|PRE_FF|PRE_FP|PRE_MF|PRE_NP|PRE_OC|PRE_TS
2020,total,KUV,군산,1012,1955,108696,0,1104,109800,301652,0,4866,306518,,,A_AIRPORT|A_BF|A_FF|A_FP|A_MF|A_NP|A_OC|A_TS|KOR_N|ORDER_N|PRE_BF|PRE_FF|PRE_FP|PRE_MF|PRE_NP|PRE_OC|PRE_TS
2020,total,WJU,원주,404,904,37300,0,429,37729,109443,0,2042,111485,,,A_AIRPORT|A_BF|A_FF|A_FP|A_MF|A_NP|A_OC|A_TS|KOR_N|ORDER_N|PRE_BF|PRE_FF|PRE_FP|PRE_MF|PRE_NP|PRE_OC|PRE_TS
2020,total,ICN,인천,149982,404104,10074237,1912051,63563,12049851,63580996,7196121,392605,71169722,,,A_AIRPORT|A_BF|A_FF|A_FP|A_MF|A_NP|A_OC|A_TS|KOR_N|ORDER_N|PRE_BF|PRE_FF|PRE_FP|PRE_MF|PRE_NP|PRE_OC|PRE_TS
2020,domestic,ALL,합계,344766,390698,50328076,0,383292,50711368,65961936,0,811186,66773122,,,A_AIRPORT|A_BF|A_FF|A_FP|A_MF|A_NP|A_OC|A_TS|KOR_N|ORDER_N|PRE_BF|PRE_FF|PRE_FP|PRE_MF|PRE_NP|PRE_OC|PRE_TS
2020,domestic,GMP,김포,110125,120121,16785636,0,116740,16902376,20929396,0,246731,21176127,,,A_AIRPORT|A_BF|A_FF|A_FP|A_MF|A_NP|A_OC|A_TS|KOR_N|ORDER_N|PRE_BF|PRE_FF|PRE_FP|PRE_MF|PRE_NP|PRE_OC|PRE_TS
2020,domestic,PUS,김해,43680,47115,6045823,0,36325,6082148,7266101,0,74372,7340473,,,A_AIRPORT|A_BF|A_FF|A_FP|A_MF|A_NP|A_OC|A_TS|KOR_N|ORDER_N|PRE_BF|PRE_FF|PRE_FP|PRE_MF|PRE_NP|PRE_OC|PRE_TS
2020,domestic,CJU,제주,136047,157830,20603202,0,168696,20771898,28288099,0,360242,28648341,,,A_AIRPORT|A_BF|A_FF|A_FP|A_MF|A_NP|A_OC|A_TS|KOR_N|ORDER_N|PRE_BF|PRE_FF|PRE_FP|PRE_MF|PRE_NP|PRE_OC|PRE_TS
2020,domestic,CJJ,청주,13205,14713,1903458,0,19294,1922752,2475018,0,38420,2513438,,,A_AIRPORT|A_BF|A_FF|A_FP|A_MF|A_NP|A_OC|A_TS|KOR_N|ORDER_N|PRE_BF|PRE_FF|PRE_FP|PRE_MF|PRE_NP|PRE_OC|PRE_TS
2020,domestic,TAE,대구,11169,13201,1507350,0,12985,1520335,2066427,0,27014,2093441,,,A_AIRPORT|A_BF|A_FF|A_FP|A_MF|A_NP|A_OC|A_TS|KOR_N|ORDER_N|PRE_BF|PRE_FF|PRE_FP|PRE_MF|PRE_NP|PRE_OC|PRE_TS
2020,domestic,MWX,무안,233,1390,24813,0,241,25054,205912,0,2218,208130,,,A_AIRPORT|A_BF|A_FF|A_FP|A_MF|A_NP|A_OC|A_TS|KOR_N|ORDER_N|PRE_BF|PRE_FF|PRE_FP|PRE_MF|PRE_NP|PRE_OC|PRE_TS
2020,domestic,YNY,양양,2388,174,222102,0,1928,224030,21752,0,226,21978,,,A_AIRPORT|A_BF|A_FF|A_FP|A_MF|A_NP|A_OC|A_TS|KOR_N|ORDER_N|PRE_BF|PRE_FF|PRE_FP|PRE_MF|PRE_NP|PRE_OC|PRE_TS
2020,domestic,KWJ,광주,13575,13297,1712916,0,13567,1726483,2001916,0,24735,2026651,,,A_AIRPORT|A_BF|A_FF|A_FP|A_MF|A_NP|A_OC|A_TS|KOR_N|ORDER_N|PRE_BF|PRE_FF|PRE_FP|PRE_MF|PRE_NP|PRE_OC|PRE_TS
2020,domestic,USN,울산,4930,6608,549273,0,5084,554357,774137,0,12036,786173,,,A_AIRPORT|A_BF|A_FF|A_FP|A_MF|A_NP|A_OC|A_TS|KOR_N|ORDER_N|PRE_BF|PRE_FF|PRE_FP|PRE_MF|PRE_NP|PRE_OC|PRE_TS
2020,domestic,RSU,여수,5846,5002,641703,0,5181,646884,626880,0,8757,635637,,,A_AIRPORT|A_BF|A_FF|A_FP|A_MF|A_NP|A_OC|A_TS|KOR_N|ORDER_N|PRE_BF|PRE_FF|PRE_FP|PRE_MF|PRE_NP|PRE_OC|PRE_TS
2020,domestic,KPO,포항경주,838,1162,65229,0,765,65994,91646,0,2123,93769,,,A_AIRPORT|A_BF|A_FF|A_FP|A_MF|A_NP|A_OC|A_TS|KOR_N|ORDER_N|PRE_BF|PRE_FF|PRE_FP|PRE_MF|PRE_NP|PRE_OC|PRE_TS
2020,domestic,HIN,사천,320,1937,26979,0,454,27433,215344,0,3945,219289,,,A_AIRPORT|A_BF|A_FF|A_FP|A_MF|A_NP|A_OC|A_TS|KOR_N|ORDER_N|PRE_BF|PRE_FF|PRE_FP|PRE_MF|PRE_NP|PRE_OC|PRE_TS
2020,domestic,KUV,군산,1012,1955,108696,0,1104,109800,301652,0,4866,306518,,,A_AIRPORT|A_BF|A_FF|A_FP|A_MF|A_NP|A_OC|A_TS|KOR_N|ORDER_N|PRE_BF|PRE_FF|PRE_FP|PRE_MF|PRE_NP|PRE_OC|PRE_TS
2020,domestic,WJU,원주,404,904,37300,0,429,37729,109443,0,2042,111485,,,A_AIRPORT|A_BF|A_FF|A_FP|A_MF|A_NP|A_OC|A_TS|KOR_N|ORDER_N|PRE_BF|PRE_FF|PRE_FP|PRE_MF|PRE_NP|PRE_OC|PRE_TS
2020,domestic,ICN,인천,994,5289,93596,0,499,94095,588213,0,3459,591672,,,A_AIRPORT|A_BF|A_FF|A_FP|A_MF|A_NP|A_OC|A_TS|KOR_N|ORDER_N|PRE_BF|PRE_FF|PRE_FP|PRE_MF|PRE_NP|PRE_OC|PRE_TS
2020,international,ALL,합계,167214,528243,12317506,1922416,75773,14315695,83064326,7321314,514682,90900322,,,A_AIRPORT|A_BF|A_FF|A_FP|A_MF|A_NP|A_OC|A_TS|KOR_N|ORDER_N|PRE_BF|PRE_FF|PRE_FP|PRE_MF|PRE_NP|PRE_OC|PRE_TS
2020,international,GMP,김포,3455,20301,538086,3431,2346,543863,4215121,38079,19089,4272289,,,A_AIRPORT|A_BF|A_FF|A_FP|A_MF|A_NP|A_OC|A_TS|KOR_N|ORDER_N|PRE_BF|PRE_FF|PRE_FP|PRE_MF|PRE_NP|PRE_OC|PRE_TS
2020,international,PUS,김해,9470,64161,1139574,6872,7058,1153504,9443966,80376,66208,9590550,,,A_AIRPORT|A_BF|A_FF|A_FP|A_MF|A_NP|A_OC|A_TS|KOR_N|ORDER_N|PRE_BF|PRE_FF|PRE_FP|PRE_MF|PRE_NP|PRE_OC|PRE_TS
2020,international,CJU,제주,2209,17536,281419,59,1320,282798,2645462,6689,15902,2668053,,,A_AIRPORT|A_BF|A_FF|A_FP|A_MF|A_NP|A_OC|A_TS|KOR_N|ORDER_N|PRE_BF|PRE_FF|PRE_FP|PRE_MF|PRE_NP|PRE_OC|PRE_TS
2020,international,CJJ,청주,420,3935,47976,0,135,48111,492952,2,2659,495613,,,A_AIRPORT|A_BF|A_FF|A_FP|A_MF|A_NP|A_OC|A_TS|KOR_N|ORDER_N|PRE_BF|PRE_FF|PRE_FP|PRE_MF|PRE_NP|PRE_OC|PRE_TS
2020,international,TAE,대구,1821,18035,227889,3,1169,229061,2558995,45,16576,2575616,,,A_AIRPORT|A_BF|A_FF|A_FP|A_MF|A_NP|A_OC|A_TS|KOR_N|ORDER_N|PRE_BF|PRE_FF|PRE_FP|PRE_MF|PRE_NP|PRE_OC|PRE_TS
2020,international,MWX,무안,697,5195,87255,0,629,87884,682241,2,5037,687280,,,A_AIRPORT|A_BF|A_FF|A_FP|A_MF|A_NP|A_OC|A_TS|KOR_N|ORDER_N|PRE_BF|PRE_FF|PRE_FP|PRE_MF|PRE_NP|PRE_OC|PRE_TS
2020,international,YNY,양양,154,261,14666,0,52,14718,32242,0,63,32305,,,A_AIRPORT|A_BF|A_FF|A_FP|A_MF|A_NP|A_OC|A_TS|KOR_N|ORDER_N|PRE_BF|PRE_FF|PRE_FP|PRE_MF|PRE_NP|PRE_OC|PRE_TS
2020,international,USN,울산,0,4,0,0,0,0,564,0,2,566,,,A_AIRPORT|A_BF|A_FF|A_FP|A_MF|A_NP|A_OC|A_TS|KOR_N|ORDER_N|PRE_BF|PRE_FF|PRE_FP|PRE_MF|PRE_NP|PRE_OC|PRE_TS
2020,international,ICN,인천,148988,398815,9980641,1912051,63064,11955756,62992783,7196121,389146,70578050,,,A_AIRPORT|A_BF|A_FF|A_FP|A_MF|A_NP|A_OC|A_TS|KOR_N|ORDER_N|PRE_BF|PRE_FF|PRE_FP|PRE_MF|PRE_NP|PRE_OC|PRE_TS
2021,total,ALL,합계,556830,511980,68993647,509009,500470,70003126,62645582,1922416,459065,65027063,,,A_AIRPORT|A_BF|A_FF|A_FP|A_MF|A_NP|A_OC|A_TS|KOR_N|ORDER_N|PRE_BF|PRE_FF|PRE_FP|PRE_MF|PRE_NP|PRE_OC|PRE_TS
2021,total,GMP,김포,138855,113580,22380114,0,145303,22525417,17323722,3431,119086,17446239,,,A_AIRPORT|A_BF|A_FF|A_FP|A_MF|A_NP|A_OC|A_TS|KOR_N|ORDER_N|PRE_BF|PRE_FF|PRE_FP|PRE_MF|PRE_NP|PRE_OC|PRE_TS
2021,total,PUS,김해,57694,53150,8814443,0,44861,8859304,7185397,6872,43383,7235652,,,A_AIRPORT|A_BF|A_FF|A_FP|A_MF|A_NP|A_OC|A_TS|KOR_N|ORDER_N|PRE_BF|PRE_FF|PRE_FP|PRE_MF|PRE_NP|PRE_OC|PRE_TS
2021,total,CJU,제주,160230,138256,25596749,0,205801,25802550,20884621,59,170016,21054696,,,A_AIRPORT|A_BF|A_FF|A_FP|A_MF|A_NP|A_OC|A_TS|KOR_N|ORDER_N|PRE_BF|PRE_FF|PRE_FP|PRE_MF|PRE_NP|PRE_OC|PRE_TS
2021,total,CJJ,청주,17425,13625,2602592,0,25665,2628257,1951434,0,19429,1970863,,,A_AIRPORT|A_BF|A_FF|A_FP|A_MF|A_NP|A_OC|A_TS|KOR_N|ORDER_N|PRE_BF|PRE_FF|PRE_FP|PRE_MF|PRE_NP|PRE_OC|PRE_TS
2021,total,TAE,대구,13294,12990,2032479,0,15886,2048365,1735239,3,14154,1749396,,,A_AIRPORT|A_BF|A_FF|A_FP|A_MF|A_NP|A_OC|A_TS|KOR_N|ORDER_N|PRE_BF|PRE_FF|PRE_FP|PRE_MF|PRE_NP|PRE_OC|PRE_TS
2021,total,MWX,무안,88,930,7442,0,87,7529,112068,0,870,112938,,,A_AIRPORT|A_BF|A_FF|A_FP|A_MF|A_NP|A_OC|A_TS|KOR_N|ORDER_N|PRE_BF|PRE_FF|PRE_FP|PRE_MF|PRE_NP|PRE_OC|PRE_TS
2021,total,YNY,양양,2377,2542,202173,0,1879,204052,236768,0,1980,238748,,,A_AIRPORT|A_BF|A_FF|A_FP|A_MF|A_NP|A_OC|A_TS|KOR_N|ORDER_N|PRE_BF|PRE_FF|PRE_FP|PRE_MF|PRE_NP|PRE_OC|PRE_TS
2021,total,KWJ,광주,14764,13575,2137821,0,15071,2152892,1712916,0,13567,1726483,,,A_AIRPORT|A_BF|A_FF|A_FP|A_MF|A_NP|A_OC|A_TS|KOR_N|ORDER_N|PRE_BF|PRE_FF|PRE_FP|PRE_MF|PRE_NP|PRE_OC|PRE_TS
2021,total,USN,울산,7441,4930,881895,0,6689,888584,549273,0,5084,554357,,,A_AIRPORT|A_BF|A_FF|A_FP|A_MF|A_NP|A_OC|A_TS|KOR_N|ORDER_N|PRE_BF|PRE_FF|PRE_FP|PRE_MF|PRE_NP|PRE_OC|PRE_TS
2021,total,RSU,여수,8149,5846,1108287,0,7412,1115699,641703,0,5181,646884,,,A_AIRPORT|A_BF|A_FF|A_FP|A_MF|A_NP|A_OC|A_TS|KOR_N|ORDER_N|PRE_BF|PRE_FF|PRE_FP|PRE_MF|PRE_NP|PRE_OC|PRE_TS
2021,total,KPO,포항경주,1868,838,157128,0,1799,158927,65229,0,765,65994,,,A_AIRPORT|A_BF|A_FF|A_FP|A_MF|A_NP|A_OC|A_TS|KOR_N|ORDER_N|PRE_BF|PRE_FF|PRE_FP|PRE_MF|PRE_NP|PRE_OC|PRE_TS
2021,total,HIN,사천,2,320,105,0,0,105,26979,0,454,27433,,,A_AIRPORT|A_BF|A_FF|A_FP|A_MF|A_NP|A_OC|A_TS|KOR_N|ORDER_N|PRE_BF|PRE_FF|PRE_FP|PRE_MF|PRE_NP|PRE_OC|PRE_TS
2021,total,KUV,군산,2404,1012,277773,0,2424,280197,108696,0,1104,109800,,,A_AIRPORT|A_BF|A_FF|A_FP|A_MF|A_NP|A_OC|A_TS|KOR_N|ORDER_N|PRE_BF|PRE_FF|PRE_FP|PRE_MF|PRE_NP|PRE_OC|PRE_TS
2021,total,WJU,원주,1212,404,130926,0,1413,132339,37300,0,429,37729,,,A_AIRPORT|A_BF|A_FF|A_FP|A_MF|A_NP|A_OC|A_TS|KOR_N|ORDER_N|PRE_BF|PRE_FF|PRE_FP|PRE_MF|PRE_NP|PRE_OC|PRE_TS
2021,total,ICN,인천,131027,149982,2663720,509009,26180,3198909,10074237,1912051,63563,12049851,,,A_AIRPORT|A_BF|A_FF|A_FP|A_MF|A_NP|A_OC|A_TS|KOR_N|ORDER_N|PRE_BF|PRE_FF|PRE_FP|PRE_MF|PRE_NP|PRE_OC|PRE_TS
2021,domestic,ALL,합계,425380,344766,66293292,0,474188,66767480,50328076,0,383292,50711368,,,A_AIRPORT|A_BF|A_FF|A_FP|A_MF|A_NP|A_OC|A_TS|KOR_N|ORDER_N|PRE_BF|PRE_FF|PRE_FP|PRE_MF|PRE_NP|PRE_OC|PRE_TS
2021,domestic,GMP,김포,138720,110125,22365229,0,145298,22510527,16785636,0,116740,16902376,,,A_AIRPORT|A_BF|A_FF|A_FP|A_MF|A_NP|A_OC|A_TS|KOR_N|ORDER_N|PRE_BF|PRE_FF|PRE_FP|PRE_MF|PRE_NP|PRE_OC|PRE_TS
2021,domestic,PUS,김해,57492,43680,8794362,0,44800,8839162,6045823,0,36325,6082148,,,A_AIRPORT|A_BF|A_FF|A_FP|A_MF|A_NP|A_OC|A_TS|KOR_N|ORDER_N|PRE_BF|PRE_FF|PRE_FP|PRE_MF|PRE_NP|PRE_OC|PRE_TS
2021,domestic,CJU,제주,160142,136047,25591991,0,205778,25797769,20603202,0,168696,20771898,,,A_AIRPORT|A_BF|A_FF|A_FP|A_MF|A_NP|A_OC|A_TS|KOR_N|ORDER_N|PRE_BF|PRE_FF|PRE_FP|PRE_MF|PRE_NP|PRE_OC|PRE_TS
2021,domestic,CJJ,청주,17425,13205,2602592,0,25665,2628257,1903458,0,19294,1922752,,,A_AIRPORT|A_BF|A_FF|A_FP|A_MF|A_NP|A_OC|A_TS|KOR_N|ORDER_N|PRE_BF|PRE_FF|PRE_FP|PRE_MF|PRE_NP|PRE_OC|PRE_TS
2021,domestic,TAE,대구,13226,11169,2026286,0,15835,2042121,1507350,0,12985,1520335,,,A_AIRPORT|A_BF|A_FF|A_FP|A_MF|A_NP|A_OC|A_TS|KOR_N|ORDER_N|PRE_BF|PRE_FF|PRE_FP|PRE_MF|PRE_NP|PRE_OC|PRE_TS
2021,domestic,MWX,무안,88,233,7442,0,87,7529,24813,0,241,25054,,,A_AIRPORT|A_BF|A_FF|A_FP|A_MF|A_NP|A_OC|A_TS|KOR_N|ORDER_N|PRE_BF|PRE_FF|PRE_FP|PRE_MF|PRE_NP|PRE_OC|PRE_TS
2021,domestic,YNY,양양,2377,2388,202173,0,1879,204052,222102,0,1928,224030,,,A_AIRPORT|A_BF|A_FF|A_FP|A_MF|A_NP|A_OC|A_TS|KOR_N|ORDER_N|PRE_BF|PRE_FF|PRE_FP|PRE_MF|PRE_NP|PRE_OC|PRE_TS
2021,domestic,KWJ,광주,14764,13575,2137821,0,15071,2152892,1712916,0,13567,1726483,,,A_AIRPORT|A_BF|A_FF|A_FP|A_MF|A_NP|A_OC|A_TS|KOR_N|ORDER_N|PRE_BF|PRE_FF|PRE_FP|PRE_MF|PRE_NP|PRE_OC|PRE_TS
2021,domestic,USN,울산,7441,4930,881895,0,6689,888584,549273,0,5084,554357,,,A_AIRPORT|A_BF|A_FF|A_FP|A_MF|A_NP|A_OC|A_TS|KOR_N|ORDER_N|PRE_BF|PRE_FF|PRE_FP|PRE_MF|PRE_NP|PRE_OC|PRE_TS
2021,domestic,RSU,여수,8149,5846,1108287,0,7412,1115699,641703,0,5181,646884,,,A_AIRPORT|A_BF|A_FF|A_FP|A_MF|A_NP|A_OC|A_TS|KOR_N|ORDER_N|PRE_BF|PRE_FF|PRE_FP|PRE_MF|PRE_NP|PRE_OC|PRE_TS
2021,domestic,KPO,포항경주,1868,838,157128,0,1799,158927,65229,0,765,65994,,,A_AIRPORT|A_BF|A_FF|A_FP|A_MF|A_NP|A_OC|A_TS|KOR_N|ORDER_N|PRE_BF|PRE_FF|PRE_FP|PRE_MF|PRE_NP|PRE_OC|PRE_TS
2021,domestic,HIN,사천,2,320,105,0,0,105,26979,0,454,27433,,,A_AIRPORT|A_BF|A_FF|A_FP|A_MF|A_NP|A_OC|A_TS|KOR_N|ORDER_N|PRE_BF|PRE_FF|PRE_FP|PRE_MF|PRE_NP|PRE_OC|PRE_TS
2021,domestic,KUV,군산,2404,1012,277773,0,2424,280197,108696,0,1104,109800,,,A_AIRPORT|A_BF|A_FF|A_FP|A_MF|A_NP|A_OC|A_TS|KOR_N|ORDER_N|PRE_BF|PRE_FF|PRE_FP|PRE_MF|PRE_NP|PRE_OC|PRE_TS
2021,domestic,WJU,원주,1212,404,130926,0,1413,132339,37300,0,429,37729,,,A_AIRPORT|A_BF|A_FF|A_FP|A_MF|A_NP|A_OC|A_TS|KOR_N|ORDER_N|PRE_BF|PRE_FF|PRE_FP|PRE_MF|PRE_NP|PRE_OC|PRE_TS
2021,domestic,ICN,인천,70,994,9282,0,38,9320,93596,0,499,94095,,,A_AIRPORT|A_BF|A_FF|A_FP|A_MF|A_NP|A_OC|A_TS|KOR_N|ORDER_N|PRE_BF|PRE_FF|PRE_FP|PRE_MF|PRE_NP|PRE_OC|PRE_TS
2021,international,ALL,합계,131450,167214,2700355,509009,26282,3235646,12317506,1922416,75773,14315695,,,A_AIRPORT|A_BF|A_FF|A_FP|A_MF|A_NP|A_OC|A_TS|KOR_N|ORDER_N|PRE_BF|PRE_FF|PRE_FP|PRE_MF|PRE_NP|PRE_OC|PRE_TS
2021,international,GMP,김포,135,3455,14885,0,5,14890,538086,3431,2346,543863,,,A_AIRPORT|A_BF|A_FF|A_FP|A_MF|A_NP|A_OC|A_TS|KOR_N|ORDER_N|PRE_BF|PRE_FF|PRE_FP|PRE_MF|PRE_NP|PRE_OC|PRE_TS
2021,international,PUS,김해,202,9470,20081,0,61,20142,1139574,6872,7058,1153504,,,A_AIRPORT|A_BF|A_FF|A_FP|A_MF|A_NP|A_OC|A_TS|KOR_N|ORDER_N|PRE_BF|PRE_FF|PRE_FP|PRE_MF|PRE_NP|PRE_OC|PRE_TS
2021,international,CJU,제주,88,2209,4758,0,23,4781,281419,59,1320,282798,,,A_AIRPORT|A_BF|A_FF|A_FP|A_MF|A_NP|A_OC|A_TS|KOR_N|ORDER_N|PRE_BF|PRE_FF|PRE_FP|PRE_MF|PRE_NP|PRE_OC|PRE_TS
2021,international,CJJ,청주,0,420,0,0,0,0,47976,0,135,48111,,,A_AIRPORT|A_BF|A_FF|A_FP|A_MF|A_NP|A_OC|A_TS|KOR_N|ORDER_N|PRE_BF|PRE_FF|PRE_FP|PRE_MF|PRE_NP|PRE_OC|PRE_TS
2021,international,TAE,대구,68,1821,6193,0,51,6244,227889,3,1169,229061,,,A_AIRPORT|A_BF|A_FF|A_FP|A_MF|A_NP|A_OC|A_TS|KOR_N|ORDER_N|PRE_BF|PRE_FF|PRE_FP|PRE_MF|PRE_NP|PRE_OC|PRE_TS
2021,international,MWX,무안,0,697,0,0,0,0,87255,0,629,87884,,,A_AIRPORT|A_BF|A_FF|A_FP|A_MF|A_NP|A_OC|A_TS|KOR_N|ORDER_N|PRE_BF|PRE_FF|PRE_FP|PRE_MF|PRE_NP|PRE_OC|PRE_TS
2021,international,YNY,양양,0,154,0,0,0,0,14666,0,52,14718,,,A_AIRPORT|A_BF|A_FF|A_FP|A_MF|A_NP|A_OC|A_TS|KOR_N|ORDER_N|PRE_BF|PRE_FF|PRE_FP|PRE_MF|PRE_NP|PRE_OC|PRE_TS
2021,international,ICN,인천,130957,148988,2654438,509009,26142,3189589,9980641,1912051,63064,11955756,,,A_AIRPORT|A_BF|A_FF|A_FP|A_MF|A_NP|A_OC|A_TS|KOR_N|ORDER_N|PRE_BF|PRE_FF|PRE_FP|PRE_MF|PRE_NP|PRE_OC|PRE_TS
2022,total,ALL,합계,615652,556830,89494949,2661702,683231,92839882,68993647,509009,500470,70003126,,,A_AIRPORT|A_BF|A_FF|A_FP|A_MF|A_NP|A_OC|A_TS|KOR_N|ORDER_N|PRE_BF|PRE_FF|PRE_FP|PRE_MF|PRE_NP|PRE_OC|PRE_TS
2022,total,GMP,김포,143713,138855,24341777,159,182129,24524065,22380114,0,145303,22525417,,,A_AIRPORT|A_BF|A_FF|A_FP|A_MF|A_NP|A_OC|A_TS|KOR_N|ORDER_N|PRE_BF|PRE_FF|PRE_FP|PRE_MF|PRE_NP|PRE_OC|PRE_TS
2022,total,PUS,김해,61733,57694,9962972,3835,60290,10027097,8814443,0,44861,8859304,,,A_AIRPORT|A_BF|A_FF|A_FP|A_MF|A_NP|A_OC|A_TS|KOR_N|ORDER_N|PRE_BF|PRE_FF|PRE_FP|PRE_MF|PRE_NP|PRE_OC|PRE_TS
2022,total,CJU,제주,169624,160230,29452263,11,251388,29703662,25596749,0,205801,25802550,,,A_AIRPORT|A_BF|A_FF|A_FP|A_MF|A_NP|A_OC|A_TS|KOR_N|ORDER_N|PRE_BF|PRE_FF|PRE_FP|PRE_MF|PRE_NP|PRE_OC|PRE_TS
2022,total,CJJ,청주,18516,17425,3143641,0,31008,3174649,2602592,0,25665,2628257,,,A_AIRPORT|A_BF|A_FF|A_FP|A_MF|A_NP|A_OC|A_TS|KOR_N|ORDER_N|PRE_BF|PRE_FF|PRE_FP|PRE_MF|PRE_NP|PRE_OC|PRE_TS
2022,total,TAE,대구,13472,13294,2238588,0,17295,2255883,2032479,0,15886,2048365,,,A_AIRPORT|A_BF|A_FF|A_FP|A_MF|A_NP|A_OC|A_TS|KOR_N|ORDER_N|PRE_BF|PRE_FF|PRE_FP|PRE_MF|PRE_NP|PRE_OC|PRE_TS
2022,total,MWX,무안,192,88,29348,0,46,29394,7442,0,87,7529,,,A_AIRPORT|A_BF|A_FF|A_FP|A_MF|A_NP|A_OC|A_TS|KOR_N|ORDER_N|PRE_BF|PRE_FF|PRE_FP|PRE_MF|PRE_NP|PRE_OC|PRE_TS
2022,total,YNY,양양,2981,2377,381315,0,3327,384642,202173,0,1879,204052,,,A_AIRPORT|A_BF|A_FF|A_FP|A_MF|A_NP|A_OC|A_TS|KOR_N|ORDER_N|PRE_BF|PRE_FF|PRE_FP|PRE_MF|PRE_NP|PRE_OC|PRE_TS
2022,total,KWJ,광주,12916,14764,2053073,0,15552,2068625,2137821,0,15071,2152892,,,A_AIRPORT|A_BF|A_FF|A_FP|A_MF|A_NP|A_OC|A_TS|KOR_N|ORDER_N|PRE_BF|PRE_FF|PRE_FP|PRE_MF|PRE_NP|PRE_OC|PRE_TS
2022,total,USN,울산,6235,7441,792778,0,6948,799726,881895,0,6689,888584,,,A_AIRPORT|A_BF|A_FF|A_FP|A_MF|A_NP|A_OC|A_TS|KOR_N|ORDER_N|PRE_BF|PRE_FF|PRE_FP|PRE_MF|PRE_NP|PRE_OC|PRE_TS
2022,total,RSU,여수,7072,8149,1002191,0,8142,1010333,1108287,0,7412,1115699,,,A_AIRPORT|A_BF|A_FF|A_FP|A_MF|A_NP|A_OC|A_TS|KOR_N|ORDER_N|PRE_BF|PRE_FF|PRE_FP|PRE_MF|PRE_NP|PRE_OC|PRE_TS
2022,total,KPO,포항경주,2514,1868,246488,0,2925,249413,157128,0,1799,158927,,,A_AIRPORT|A_BF|A_FF|A_FP|A_MF|A_NP|A_OC|A_TS|KOR_N|ORDER_N|PRE_BF|PRE_FF|PRE_FP|PRE_MF|PRE_NP|PRE_OC|PRE_TS
2022,total,HIN,사천,1350,2,138298,0,1359,139657,105,0,0,105,,,A_AIRPORT|A_BF|A_FF|A_FP|A_MF|A_NP|A_OC|A_TS|KOR_N|ORDER_N|PRE_BF|PRE_FF|PRE_FP|PRE_MF|PRE_NP|PRE_OC|PRE_TS
2022,total,KUV,군산,2681,2404,405975,0,3763,409738,277773,0,2424,280197,,,A_AIRPORT|A_BF|A_FF|A_FP|A_MF|A_NP|A_OC|A_TS|KOR_N|ORDER_N|PRE_BF|PRE_FF|PRE_FP|PRE_MF|PRE_NP|PRE_OC|PRE_TS
2022,total,WJU,원주,1400,1212,191186,0,2053,193239,130926,0,1413,132339,,,A_AIRPORT|A_BF|A_FF|A_FP|A_MF|A_NP|A_OC|A_TS|KOR_N|ORDER_N|PRE_BF|PRE_FF|PRE_FP|PRE_MF|PRE_NP|PRE_OC|PRE_TS
2022,total,ICN,인천,171253,131027,15115056,2657697,97006,17869759,2663720,509009,26180,3198909,,,A_AIRPORT|A_BF|A_FF|A_FP|A_MF|A_NP|A_OC|A_TS|KOR_N|ORDER_N|PRE_BF|PRE_FF|PRE_FP|PRE_MF|PRE_NP|PRE_OC|PRE_TS
2022,domestic,ALL,합계,432890,425380,72656592,0,574916,73231508,66293292,0,474188,66767480,,,A_AIRPORT|A_BF|A_FF|A_FP|A_MF|A_NP|A_OC|A_TS|KOR_N|ORDER_N|PRE_BF|PRE_FF|PRE_FP|PRE_MF|PRE_NP|PRE_OC|PRE_TS
2022,domestic,GMP,김포,141462,138720,23967947,0,180442,24148389,22365229,0,145298,22510527,,,A_AIRPORT|A_BF|A_FF|A_FP|A_MF|A_NP|A_OC|A_TS|KOR_N|ORDER_N|PRE_BF|PRE_FF|PRE_FP|PRE_MF|PRE_NP|PRE_OC|PRE_TS
2022,domestic,PUS,김해,53994,57492,8813682,0,51543,8865225,8794362,0,44800,8839162,,,A_AIRPORT|A_BF|A_FF|A_FP|A_MF|A_NP|A_OC|A_TS|KOR_N|ORDER_N|PRE_BF|PRE_FF|PRE_FP|PRE_MF|PRE_NP|PRE_OC|PRE_TS
2022,domestic,CJU,제주,168977,160142,29358878,0,250872,29609750,25591991,0,205778,25797769,,,A_AIRPORT|A_BF|A_FF|A_FP|A_MF|A_NP|A_OC|A_TS|KOR_N|ORDER_N|PRE_BF|PRE_FF|PRE_FP|PRE_MF|PRE_NP|PRE_OC|PRE_TS
2022,domestic,CJJ,청주,18494,17425,3141099,0,31000,3172099,2602592,0,25665,2628257,,,A_AIRPORT|A_BF|A_FF|A_FP|A_MF|A_NP|A_OC|A_TS|KOR_N|ORDER_N|PRE_BF|PRE_FF|PRE_FP|PRE_MF|PRE_NP|PRE_OC|PRE_TS
2022,domestic,TAE,대구,12756,13226,2146333,0,16870,2163203,2026286,0,15835,2042121,,,A_AIRPORT|A_BF|A_FF|A_FP|A_MF|A_NP|A_OC|A_TS|KOR_N|ORDER_N|PRE_BF|PRE_FF|PRE_FP|PRE_MF|PRE_NP|PRE_OC|PRE_TS
2022,domestic,MWX,무안,0,88,0,0,0,0,7442,0,87,7529,,,A_AIRPORT|A_BF|A_FF|A_FP|A_MF|A_NP|A_OC|A_TS|KOR_N|ORDER_N|PRE_BF|PRE_FF|PRE_FP|PRE_MF|PRE_NP|PRE_OC|PRE_TS
2022,domestic,YNY,양양,2637,2377,352907,0,3228,356135,202173,0,1879,204052,,,A_AIRPORT|A_BF|A_FF|A_FP|A_MF|A_NP|A_OC|A_TS|KOR_N|ORDER_N|PRE_BF|PRE_FF|PRE_FP|PRE_MF|PRE_NP|PRE_OC|PRE_TS
2022,domestic,KWJ,광주,12916,14764,2053073,0,15552,2068625,2137821,0,15071,2152892,,,A_AIRPORT|A_BF|A_FF|A_FP|A_MF|A_NP|A_OC|A_TS|KOR_N|ORDER_N|PRE_BF|PRE_FF|PRE_FP|PRE_MF|PRE_NP|PRE_OC|PRE_TS
2022,domestic,USN,울산,6235,7441,792778,0,6948,799726,881895,0,6689,888584,,,A_AIRPORT|A_BF|A_FF|A_FP|A_MF|A_NP|A_OC|A_TS|KOR_N|ORDER_N|PRE_BF|PRE_FF|PRE_FP|PRE_MF|PRE_NP|PRE_OC|PRE_TS
2022,domestic,RSU,여수,7072,8149,1002191,0,8142,1010333,1108287,0,7412,1115699,,,A_AIRPORT|A_BF|A_FF|A_FP|A_MF|A_NP|A_OC|A_TS|KOR_N|ORDER_N|PRE_BF|PRE_FF|PRE_FP|PRE_MF|PRE_NP|PRE_OC|PRE_TS
2022,domestic,KPO,포항경주,2514,1868,246488,0,2925,249413,157128,0,1799,158927,,,A_AIRPORT|A_BF|A_FF|A_FP|A_MF|A_NP|A_OC|A_TS|KOR_N|ORDER_N|PRE_BF|PRE_FF|PRE_FP|PRE_MF|PRE_NP|PRE_OC|PRE_TS
2022,domestic,HIN,사천,1350,2,138298,0,1359,139657,105,0,0,105,,,A_AIRPORT|A_BF|A_FF|A_FP|A_MF|A_NP|A_OC|A_TS|KOR_N|ORDER_N|PRE_BF|PRE_FF|PRE_FP|PRE_MF|PRE_NP|PRE_OC|PRE_TS
2022,domestic,KUV,군산,2681,2404,405975,0,3763,409738,277773,0,2424,280197,,,A_AIRPORT|A_BF|A_FF|A_FP|A_MF|A_NP|A_OC|A_TS|KOR_N|ORDER_N|PRE_BF|PRE_FF|PRE_FP|PRE_MF|PRE_NP|PRE_OC|PRE_TS
2022,domestic,WJU,원주,1400,1212,191186,0,2053,193239,130926,0,1413,132339,,,A_AIRPORT|A_BF|A_FF|A_FP|A_MF|A_NP|A_OC|A_TS|KOR_N|ORDER_N|PRE_BF|PRE_FF|PRE_FP|PRE_MF|PRE_NP|PRE_OC|PRE_TS
2022,domestic,ICN,인천,402,70,45757,0,219,45976,9282,0,38,9320,,,A_AIRPORT|A_BF|A_FF|A_FP|A_MF|A_NP|A_OC|A_TS|KOR_N|ORDER_N|PRE_BF|PRE_FF|PRE_FP|PRE_MF|PRE_NP|PRE_OC|PRE_TS
2022,international,ALL,합계,182762,131450,16838357,2661702,108315,19608374,2700355,509009,26282,3235646,,,A_AIRPORT|A_BF|A_FF|A_FP|A_MF|A_NP|A_OC|A_TS|KOR_N|ORDER_N|PRE_BF|PRE_FF|PRE_FP|PRE_MF|PRE_NP|PRE_OC|PRE_TS
2022,international,GMP,김포,2251,135,373830,159,1687,375676,14885,0,5,14890,,,A_AIRPORT|A_BF|A_FF|A_FP|A_MF|A_NP|A_OC|A_TS|KOR_N|ORDER_N|PRE_BF|PRE_FF|PRE_FP|PRE_MF|PRE_NP|PRE_OC|PRE_TS
2022,international,PUS,김해,7739,202,1149290,3835,8747,1161872,20081,0,61,20142,,,A_AIRPORT|A_BF|A_FF|A_FP|A_MF|A_NP|A_OC|A_TS|KOR_N|ORDER_N|PRE_BF|PRE_FF|PRE_FP|PRE_MF|PRE_NP|PRE_OC|PRE_TS
2022,international,CJU,제주,647,88,93385,11,516,93912,4758,0,23,4781,,,A_AIRPORT|A_BF|A_FF|A_FP|A_MF|A_NP|A_OC|A_TS|KOR_N|ORDER_N|PRE_BF|PRE_FF|PRE_FP|PRE_MF|PRE_NP|PRE_OC|PRE_TS
2022,international,CJJ,청주,22,0,2542,0,8,2550,0,0,0,0,,,A_AIRPORT|A_BF|A_FF|A_FP|A_MF|A_NP|A_OC|A_TS|KOR_N|ORDER_N|PRE_BF|PRE_FF|PRE_FP|PRE_MF|PRE_NP|PRE_OC|PRE_TS
2022,international,TAE,대구,716,68,92255,0,425,92680,6193,0,51,6244,,,A_AIRPORT|A_BF|A_FF|A_FP|A_MF|A_NP|A_OC|A_TS|KOR_N|ORDER_N|PRE_BF|PRE_FF|PRE_FP|PRE_MF|PRE_NP|PRE_OC|PRE_TS
2022,international,MWX,무안,192,0,29348,0,46,29394,0,0,0,0,,,A_AIRPORT|A_BF|A_FF|A_FP|A_MF|A_NP|A_OC|A_TS|KOR_N|ORDER_N|PRE_BF|PRE_FF|PRE_FP|PRE_MF|PRE_NP|PRE_OC|PRE_TS
2022,international,YNY,양양,344,0,28408,0,99,28507,0,0,0,0,,,A_AIRPORT|A_BF|A_FF|A_FP|A_MF|A_NP|A_OC|A_TS|KOR_N|ORDER_N|PRE_BF|PRE_FF|PRE_FP|PRE_MF|PRE_NP|PRE_OC|PRE_TS
2022,international,ICN,인천,170851,130957,15069299,2657697,96787,17823783,2654438,509009,26142,3189589,,,A_AIRPORT|A_BF|A_FF|A_FP|A_MF|A_NP|A_OC|A_TS|KOR_N|ORDER_N|PRE_BF|PRE_FF|PRE_FP|PRE_MF|PRE_NP|PRE_OC|PRE_TS
2023,total,ALL,합계,793427,615652,126262510,6435857,889672,133588039,89494949,2661702,683231,92839882,,,A_AIRPORT|A_BF|A_FF|A_FP|A_MF|A_NP|A_OC|A_TS|KOR_N|ORDER_N|PRE_BF|PRE_FF|PRE_FP|PRE_MF|PRE_NP|PRE_OC|PRE_TS
2023,total,GMP,김포,134560,143713,23220245,18347,185566,23424158,24341777,159,182129,24524065,,,A_AIRPORT|A_BF|A_FF|A_FP|A_MF|A_NP|A_OC|A_TS|KOR_N|ORDER_N|PRE_BF|PRE_FF|PRE_FP|PRE_MF|PRE_NP|PRE_OC|PRE_TS
2023,total,PUS,김해,82185,61733,13599640,9310,85760,13694710,9962972,3835,60290,10027097,,,A_AIRPORT|A_BF|A_FF|A_FP|A_MF|A_NP|A_OC|A_TS|KOR_N|ORDER_N|PRE_BF|PRE_FF|PRE_FP|PRE_MF|PRE_NP|PRE_OC|PRE_TS
2023,total,CJU,제주,167086,169624,28828253,169,267849,29096271,29452263,11,251388,29703662,,,A_AIRPORT|A_BF|A_FF|A_FP|A_MF|A_NP|A_OC|A_TS|KOR_N|ORDER_N|PRE_BF|PRE_FF|PRE_FP|PRE_MF|PRE_NP|PRE_OC|PRE_TS
2023,total,CJJ,청주,22547,18516,3656793,0,39019,3695812,3143641,0,31008,3174649,,,A_AIRPORT|A_BF|A_FF|A_FP|A_MF|A_NP|A_OC|A_TS|KOR_N|ORDER_N|PRE_BF|PRE_FF|PRE_FP|PRE_MF|PRE_NP|PRE_OC|PRE_TS
2023,total,TAE,대구,20244,13472,3277562,4,24541,3302107,2238588,0,17295,2255883,,,A_AIRPORT|A_BF|A_FF|A_FP|A_MF|A_NP|A_OC|A_TS|KOR_N|ORDER_N|PRE_BF|PRE_FF|PRE_FP|PRE_MF|PRE_NP|PRE_OC|PRE_TS
2023,total,MWX,무안,1484,192,232745,15,577,233337,29348,0,46,29394,,,A_AIRPORT|A_BF|A_FF|A_FP|A_MF|A_NP|A_OC|A_TS|KOR_N|ORDER_N|PRE_BF|PRE_FF|PRE_FP|PRE_MF|PRE_NP|PRE_OC|PRE_TS
2023,total,YNY,양양,1233,2981,157684,0,1164,158848,381315,0,3327,384642,,,A_AIRPORT|A_BF|A_FF|A_FP|A_MF|A_NP|A_OC|A_TS|KOR_N|ORDER_N|PRE_BF|PRE_FF|PRE_FP|PRE_MF|PRE_NP|PRE_OC|PRE_TS
2023,total,KWJ,광주,13277,12916,2032098,0,18280,2050378,2053073,0,15552,2068625,,,A_AIRPORT|A_BF|A_FF|A_FP|A_MF|A_NP|A_OC|A_TS|KOR_N|ORDER_N|PRE_BF|PRE_FF|PRE_FP|PRE_MF|PRE_NP|PRE_OC|PRE_TS
2023,total,USN,울산,2982,6235,375651,0,4860,380511,792778,0,6948,799726,,,A_AIRPORT|A_BF|A_FF|A_FP|A_MF|A_NP|A_OC|A_TS|KOR_N|ORDER_N|PRE_BF|PRE_FF|PRE_FP|PRE_MF|PRE_NP|PRE_OC|PRE_TS
2023,total,RSU,여수,4484,7072,592303,0,6841,599144,1002191,0,8142,1010333,,,A_AIRPORT|A_BF|A_FF|A_FP|A_MF|A_NP|A_OC|A_TS|KOR_N|ORDER_N|PRE_BF|PRE_FF|PRE_FP|PRE_MF|PRE_NP|PRE_OC|PRE_TS
2023,total,KPO,포항경주,2053,2514,250407,0,3296,253703,246488,0,2925,249413,,,A_AIRPORT|A_BF|A_FF|A_FP|A_MF|A_NP|A_OC|A_TS|KOR_N|ORDER_N|PRE_BF|PRE_FF|PRE_FP|PRE_MF|PRE_NP|PRE_OC|PRE_TS
2023,total,HIN,사천,1490,1350,187715,0,2063,189778,138298,0,1359,139657,,,A_AIRPORT|A_BF|A_FF|A_FP|A_MF|A_NP|A_OC|A_TS|KOR_N|ORDER_N|PRE_BF|PRE_FF|PRE_FP|PRE_MF|PRE_NP|PRE_OC|PRE_TS
2023,total,KUV,군산,1124,2681,171166,0,1773,172939,405975,0,3763,409738,,,A_AIRPORT|A_BF|A_FF|A_FP|A_MF|A_NP|A_OC|A_TS|KOR_N|ORDER_N|PRE_BF|PRE_FF|PRE_FP|PRE_MF|PRE_NP|PRE_OC|PRE_TS
2023,total,WJU,원주,1379,1400,202839,0,2440,205279,191186,0,2053,193239,,,A_AIRPORT|A_BF|A_FF|A_FP|A_MF|A_NP|A_OC|A_TS|KOR_N|ORDER_N|PRE_BF|PRE_FF|PRE_FP|PRE_MF|PRE_NP|PRE_OC|PRE_TS
2023,total,ICN,인천,337299,171253,49477409,6408012,245643,56131064,15115056,2657697,97006,17869759,,,A_AIRPORT|A_BF|A_FF|A_FP|A_MF|A_NP|A_OC|A_TS|KOR_N|ORDER_N|PRE_BF|PRE_FF|PRE_FP|PRE_MF|PRE_NP|PRE_OC|PRE_TS
2023,domestic,ALL,합계,382128,432890,64379352,0,586534,64965886,72656592,0,574916,73231508,,,A_AIRPORT|A_BF|A_FF|A_FP|A_MF|A_NP|A_OC|A_TS|KOR_N|ORDER_N|PRE_BF|PRE_FF|PRE_FP|PRE_MF|PRE_NP|PRE_OC|PRE_TS
2023,domestic,GMP,김포,116560,141462,20035115,0,173136,20208251,23967947,0,180442,24148389,,,A_AIRPORT|A_BF|A_FF|A_FP|A_MF|A_NP|A_OC|A_TS|KOR_N|ORDER_N|PRE_BF|PRE_FF|PRE_FP|PRE_MF|PRE_NP|PRE_OC|PRE_TS
2023,domestic,PUS,김해,43896,53994,7121024,0,52173,7173197,8813682,0,51543,8865225,,,A_AIRPORT|A_BF|A_FF|A_FP|A_MF|A_NP|A_OC|A_TS|KOR_N|ORDER_N|PRE_BF|PRE_FF|PRE_FP|PRE_MF|PRE_NP|PRE_OC|PRE_TS
2023,domestic,CJU,제주,158952,168977,27638874,0,262392,27901266,29358878,0,250872,29609750,,,A_AIRPORT|A_BF|A_FF|A_FP|A_MF|A_NP|A_OC|A_TS|KOR_N|ORDER_N|PRE_BF|PRE_FF|PRE_FP|PRE_MF|PRE_NP|PRE_OC|PRE_TS
2023,domestic,CJJ,청주,18892,18494,3137262,0,36517,3173779,3141099,0,31000,3172099,,,A_AIRPORT|A_BF|A_FF|A_FP|A_MF|A_NP|A_OC|A_TS|KOR_N|ORDER_N|PRE_BF|PRE_FF|PRE_FP|PRE_MF|PRE_NP|PRE_OC|PRE_TS
2023,domestic,TAE,대구,13210,12756,2167295,0,19809,2187104,2146333,0,16870,2163203,,,A_AIRPORT|A_BF|A_FF|A_FP|A_MF|A_NP|A_OC|A_TS|KOR_N|ORDER_N|PRE_BF|PRE_FF|PRE_FP|PRE_MF|PRE_NP|PRE_OC|PRE_TS
2023,domestic,YNY,양양,654,2637,102295,0,966,103261,352907,0,3228,356135,,,A_AIRPORT|A_BF|A_FF|A_FP|A_MF|A_NP|A_OC|A_TS|KOR_N|ORDER_N|PRE_BF|PRE_FF|PRE_FP|PRE_MF|PRE_NP|PRE_OC|PRE_TS
2023,domestic,KWJ,광주,13277,12916,2032098,0,18280,2050378,2053073,0,15552,2068625,,,A_AIRPORT|A_BF|A_FF|A_FP|A_MF|A_NP|A_OC|A_TS|KOR_N|ORDER_N|PRE_BF|PRE_FF|PRE_FP|PRE_MF|PRE_NP|PRE_OC|PRE_TS
2023,domestic,USN,울산,2982,6235,375651,0,4860,380511,792778,0,6948,799726,,,A_AIRPORT|A_BF|A_FF|A_FP|A_MF|A_NP|A_OC|A_TS|KOR_N|ORDER_N|PRE_BF|PRE_FF|PRE_FP|PRE_MF|PRE_NP|PRE_OC|PRE_TS
2023,domestic,RSU,여수,4484,7072,592303,0,6841,599144,1002191,0,8142,1010333,,,A_AIRPORT|A_BF|A_FF|A_FP|A_MF|A_NP|A_OC|A_TS|KOR_N|ORDER_N|PRE_BF|PRE_FF|PRE_FP|PRE_MF|PRE_NP|PRE_OC|PRE_TS
2023,domestic,KPO,포항경주,2053,2514,250407,0,3296,253703,246488,0,2925,249413,,,A_AIRPORT|A_BF|A_FF|A_FP|A_MF|A_NP|A_OC|A_TS|KOR_N|ORDER_N|PRE_BF|PRE_FF|PRE_FP|PRE_MF|PRE_NP|PRE_OC|PRE_TS
2023,domestic,HIN,사천,1490,1350,187715,0,2063,189778,138298,0,1359,139657,,,A_AIRPORT|A_BF|A_FF|A_FP|A_MF|A_NP|A_OC|A_TS|KOR_N|ORDER_N|PRE_BF|PRE_FF|PRE_FP|PRE_MF|PRE_NP|PRE_OC|PRE_TS
2023,domestic,KUV,군산,1124,2681,171166,0,1773,172939,405975,0,3763,409738,,,A_AIRPORT|A_BF|A_FF|A_FP|A_MF|A_NP|A_OC|A_TS|KOR_N|ORDER_N|PRE_BF|PRE_FF|PRE_FP|PRE_MF|PRE_NP|PRE_OC|PRE_TS
2023,domestic,WJU,원주,1379,1400,202839,0,2440,205279,191186,0,2053,193239,,,A_AIRPORT|A_BF|A_FF|A_FP|A_MF|A_NP|A_OC|A_TS|KOR_N|ORDER_N|PRE_BF|PRE_FF|PRE_FP|PRE_MF|PRE_NP|PRE_OC|PRE_TS
2023,domestic,ICN,인천,3175,402,365308,0,1988,367296,45757,0,219,45976,,,A_AIRPORT|A_BF|A_FF|A_FP|A_MF|A_NP|A_OC|A_TS|KOR_N|ORDER_N|PRE_BF|PRE_FF|PRE_FP|PRE_MF|PRE_NP|PRE_OC|PRE_TS
2023,international,ALL,합계,411299,182762,61883158,6435857,303138,68622153,16838357,2661702,108315,19608374,,,A_AIRPORT|A_BF|A_FF|A_FP|A_MF|A_NP|A_OC|A_TS|KOR_N|ORDER_N|PRE_BF|PRE_FF|PRE_FP|PRE_MF|PRE_NP|PRE_OC|PRE_TS
2023,international,GMP,김포,18000,2251,3185130,18347,12430,3215907,373830,159,1687,375676,,,A_AIRPORT|A_BF|A_FF|A_FP|A_MF|A_NP|A_OC|A_TS|KOR_N|ORDER_N|PRE_BF|PRE_FF|PRE_FP|PRE_MF|PRE_NP|PRE_OC|PRE_TS
2023,international,PUS,김해,38289,7739,6478616,9310,33587,6521513,1149290,3835,8747,1161872,,,A_AIRPORT|A_BF|A_FF|A_FP|A_MF|A_NP|A_OC|A_TS|KOR_N|ORDER_N|PRE_BF|PRE_FF|PRE_FP|PRE_MF|PRE_NP|PRE_OC|PRE_TS
2023,international,CJU,제주,8134,647,1189379,169,5457,1195005,93385,11,516,93912,,,A_AIRPORT|A_BF|A_FF|A_FP|A_MF|A_NP|A_OC|A_TS|KOR_N|ORDER_N|PRE_BF|PRE_FF|PRE_FP|PRE_MF|PRE_NP|PRE_OC|PRE_TS
2023,international,CJJ,청주,3655,22,519531,0,2502,522033,2542,0,8,2550,,,A_AIRPORT|A_BF|A_FF|A_FP|A_MF|A_NP|A_OC|A_TS|KOR_N|ORDER_N|PRE_BF|PRE_FF|PRE_FP|PRE_MF|PRE_NP|PRE_OC|PRE_TS
2023,international,TAE,대구,7034,716,1110267,4,4732,1115003,92255,0,425,92680,,,A_AIRPORT|A_BF|A_FF|A_FP|A_MF|A_NP|A_OC|A_TS|KOR_N|ORDER_N|PRE_BF|PRE_FF|PRE_FP|PRE_MF|PRE_NP|PRE_OC|PRE_TS
2023,international,MWX,무안,1484,192,232745,15,577,233337,29348,0,46,29394,,,A_AIRPORT|A_BF|A_FF|A_FP|A_MF|A_NP|A_OC|A_TS|KOR_N|ORDER_N|PRE_BF|PRE_FF|PRE_FP|PRE_MF|PRE_NP|PRE_OC|PRE_TS
2023,international,YNY,양양,579,344,55389,0,198,55587,28408,0,99,28507,,,A_AIRPORT|A_BF|A_FF|A_FP|A_MF|A_NP|A_OC|A_TS|KOR_N|ORDER_N|PRE_BF|PRE_FF|PRE_FP|PRE_MF|PRE_NP|PRE_OC|PRE_TS
2023,international,ICN,인천,334124,170851,49112101,6408012,243655,55763768,15069299,2657697,96787,17823783,,,A_AIRPORT|A_BF|A_FF|A_FP|A_MF|A_NP|A_OC|A_TS|KOR_N|ORDER_N|PRE_BF|PRE_FF|PRE_FP|PRE_MF|PRE_NP|PRE_OC|PRE_TS
2024,total,ALL,합계,892653,793427,143921668,7268453,940997,152131118,126262510,6435857,889672,133588039,,,A_AIRPORT|A_BF|A_FF|A_FP|A_MF|A_NP|A_OC|A_TS|KOR_N|ORDER_N|PRE_BF|PRE_FF|PRE_FP|PRE_MF|PRE_NP|PRE_OC|PRE_TS
2024,total,GMP,김포,128948,134560,22809348,6027,175224,22990599,23220245,18347,185566,23424158,,,A_AIRPORT|A_BF|A_FF|A_FP|A_MF|A_NP|A_OC|A_TS|KOR_N|ORDER_N|PRE_BF|PRE_FF|PRE_FP|PRE_MF|PRE_NP|PRE_OC|PRE_TS
2024,total,PUS,김해,94870,82185,15646869,10855,94734,15752458,13599640,9310,85760,13694710,,,A_AIRPORT|A_BF|A_FF|A_FP|A_MF|A_NP|A_OC|A_TS|KOR_N|ORDER_N|PRE_BF|PRE_FF|PRE_FP|PRE_MF|PRE_NP|PRE_OC|PRE_TS
2024,total,CJU,제주,172752,167086,29357430,36,262140,29619606,28828253,169,267849,29096271,,,A_AIRPORT|A_BF|A_FF|A_FP|A_MF|A_NP|A_OC|A_TS|KOR_N|ORDER_N|PRE_BF|PRE_FF|PRE_FP|PRE_MF|PRE_NP|PRE_OC|PRE_TS
2024,total,CJJ,청주,28387,22547,4536292,12,42917,4579221,3656793,0,39019,3695812,,,A_AIRPORT|A_BF|A_FF|A_FP|A_MF|A_NP|A_OC|A_TS|KOR_N|ORDER_N|PRE_BF|PRE_FF|PRE_FP|PRE_MF|PRE_NP|PRE_OC|PRE_TS
2024,total,TAE,대구,22344,20244,3512848,3,24190,3537041,3277562,4,24541,3302107,,,A_AIRPORT|A_BF|A_FF|A_FP|A_MF|A_NP|A_OC|A_TS|KOR_N|ORDER_N|PRE_BF|PRE_FF|PRE_FP|PRE_MF|PRE_NP|PRE_OC|PRE_TS
2024,total,MWX,무안,2699,1484,404412,0,1457,405869,232745,15,577,233337,,,A_AIRPORT|A_BF|A_FF|A_FP|A_MF|A_NP|A_OC|A_TS|KOR_N|ORDER_N|PRE_BF|PRE_FF|PRE_FP|PRE_MF|PRE_NP|PRE_OC|PRE_TS
2024,total,YNY,양양,122,1233,17897,0,13,17910,157684,0,1164,158848,,,A_AIRPORT|A_BF|A_FF|A_FP|A_MF|A_NP|A_OC|A_TS|KOR_N|ORDER_N|PRE_BF|PRE_FF|PRE_FP|PRE_MF|PRE_NP|PRE_OC|PRE_TS
2024,total,KWJ,광주,13557,13277,1942032,0,17226,1959258,2032098,0,18280,2050378,,,A_AIRPORT|A_BF|A_FF|A_FP|A_MF|A_NP|A_OC|A_TS|KOR_N|ORDER_N|PRE_BF|PRE_FF|PRE_FP|PRE_MF|PRE_NP|PRE_OC|PRE_TS
2024,total,USN,울산,3443,2982,442609,0,6137,448746,375651,0,4860,380511,,,A_AIRPORT|A_BF|A_FF|A_FP|A_MF|A_NP|A_OC|A_TS|KOR_N|ORDER_N|PRE_BF|PRE_FF|PRE_FP|PRE_MF|PRE_NP|PRE_OC|PRE_TS
2024,total,RSU,여수,5074,4484,625955,0,6863,632818,592303,0,6841,599144,,,A_AIRPORT|A_BF|A_FF|A_FP|A_MF|A_NP|A_OC|A_TS|KOR_N|ORDER_N|PRE_BF|PRE_FF|PRE_FP|PRE_MF|PRE_NP|PRE_OC|PRE_TS
2024,total,KPO,포항경주,2102,2053,253765,0,3244,257009,250407,0,3296,253703,,,A_AIRPORT|A_BF|A_FF|A_FP|A_MF|A_NP|A_OC|A_TS|KOR_N|ORDER_N|PRE_BF|PRE_FF|PRE_FP|PRE_MF|PRE_NP|PRE_OC|PRE_TS
2024,total,HIN,사천,1755,1490,238154,0,2759,240913,187715,0,2063,189778,,,A_AIRPORT|A_BF|A_FF|A_FP|A_MF|A_NP|A_OC|A_TS|KOR_N|ORDER_N|PRE_BF|PRE_FF|PRE_FP|PRE_MF|PRE_NP|PRE_OC|PRE_TS
2024,total,KUV,군산,2030,1124,321963,0,3597,325560,171166,0,1773,172939,,,A_AIRPORT|A_BF|A_FF|A_FP|A_MF|A_NP|A_OC|A_TS|KOR_N|ORDER_N|PRE_BF|PRE_FF|PRE_FP|PRE_MF|PRE_NP|PRE_OC|PRE_TS
2024,total,WJU,원주,1370,1379,204408,0,2755,207163,202839,0,2440,205279,,,A_AIRPORT|A_BF|A_FF|A_FP|A_MF|A_NP|A_OC|A_TS|KOR_N|ORDER_N|PRE_BF|PRE_FF|PRE_FP|PRE_MF|PRE_NP|PRE_OC|PRE_TS
2024,total,ICN,인천,413200,337299,63607686,7251520,297741,71156947,49477409,6408012,245643,56131064,,,A_AIRPORT|A_BF|A_FF|A_FP|A_MF|A_NP|A_OC|A_TS|KOR_N|ORDER_N|PRE_BF|PRE_FF|PRE_FP|PRE_MF|PRE_NP|PRE_OC|PRE_TS
2024,domestic,ALL,합계,373568,382128,62263500,0,558750,62822250,64379352,0,586534,64965886,,,A_AIRPORT|A_BF|A_FF|A_FP|A_MF|A_NP|A_OC|A_TS|KOR_N|ORDER_N|PRE_BF|PRE_FF|PRE_FP|PRE_MF|PRE_NP|PRE_OC|PRE_TS
2024,domestic,GMP,김포,108251,116560,18893131,0,160379,19053510,20035115,0,173136,20208251,,,A_AIRPORT|A_BF|A_FF|A_FP|A_MF|A_NP|A_OC|A_TS|KOR_N|ORDER_N|PRE_BF|PRE_FF|PRE_FP|PRE_MF|PRE_NP|PRE_OC|PRE_TS
2024,domestic,PUS,김해,42237,43896,6699098,0,47557,6746655,7121024,0,52173,7173197,,,A_AIRPORT|A_BF|A_FF|A_FP|A_MF|A_NP|A_OC|A_TS|KOR_N|ORDER_N|PRE_BF|PRE_FF|PRE_FP|PRE_MF|PRE_NP|PRE_OC|PRE_TS
2024,domestic,CJU,제주,156533,158952,26920409,0,251587,27171996,27638874,0,262392,27901266,,,A_AIRPORT|A_BF|A_FF|A_FP|A_MF|A_NP|A_OC|A_TS|KOR_N|ORDER_N|PRE_BF|PRE_FF|PRE_FP|PRE_MF|PRE_NP|PRE_OC|PRE_TS
2024,domestic,CJJ,청주,18573,18892,3075177,0,35359,3110536,3137262,0,36517,3173779,,,A_AIRPORT|A_BF|A_FF|A_FP|A_MF|A_NP|A_OC|A_TS|KOR_N|ORDER_N|PRE_BF|PRE_FF|PRE_FP|PRE_MF|PRE_NP|PRE_OC|PRE_TS
2024,domestic,TAE,대구,13776,13210,2112416,0,18503,2130919,2167295,0,19809,2187104,,,A_AIRPORT|A_BF|A_FF|A_FP|A_MF|A_NP|A_OC|A_TS|KOR_N|ORDER_N|PRE_BF|PRE_FF|PRE_FP|PRE_MF|PRE_NP|PRE_OC|PRE_TS
2024,domestic,MWX,무안,393,0,48792,0,674,49466,0,0,0,0,,,A_AIRPORT|A_BF|A_FF|A_FP|A_MF|A_NP|A_OC|A_TS|KOR_N|ORDER_N|PRE_BF|PRE_FF|PRE_FP|PRE_MF|PRE_NP|PRE_OC|PRE_TS
2024,domestic,YNY,양양,0,654,0,0,0,0,102295,0,966,103261,,,A_AIRPORT|A_BF|A_FF|A_FP|A_MF|A_NP|A_OC|A_TS|KOR_N|ORDER_N|PRE_BF|PRE_FF|PRE_FP|PRE_MF|PRE_NP|PRE_OC|PRE_TS
2024,domestic,KWJ,광주,13557,13277,1942032,0,17226,1959258,2032098,0,18280,2050378,,,A_AIRPORT|A_BF|A_FF|A_FP|A_MF|A_NP|A_OC|A_TS|KOR_N|ORDER_N|PRE_BF|PRE_FF|PRE_FP|PRE_MF|PRE_NP|PRE_OC|PRE_TS
2024,domestic,USN,울산,3443,2982,442609,0,6137,448746,375651,0,4860,380511,,,A_AIRPORT|A_BF|A_FF|A_FP|A_MF|A_NP|A_OC|A_TS|KOR_N|ORDER_N|PRE_BF|PRE_FF|PRE_FP|PRE_MF|PRE_NP|PRE_OC|PRE_TS
2024,domestic,RSU,여수,5074,4484,625955,0,6863,632818,592303,0,6841,599144,,,A_AIRPORT|A_BF|A_FF|A_FP|A_MF|A_NP|A_OC|A_TS|KOR_N|ORDER_N|PRE_BF|PRE_FF|PRE_FP|PRE_MF|PRE_NP|PRE_OC|PRE_TS
2024,domestic,KPO,포항경주,2102,2053,253765,0,3244,257009,250407,0,3296,253703,,,A_AIRPORT|A_BF|A_FF|A_FP|A_MF|A_NP|A_OC|A_TS|KOR_N|ORDER_N|PRE_BF|PRE_FF|PRE_FP|PRE_MF|PRE_NP|PRE_OC|PRE_TS
2024,domestic,HIN,사천,1755,1490,238154,0,2759,240913,187715,0,2063,189778,,,A_AIRPORT|A_BF|A_FF|A_FP|A_MF|A_NP|A_OC|A_TS|KOR_N|ORDER_N|PRE_BF|PRE_FF|PRE_FP|PRE_MF|PRE_NP|PRE_OC|PRE_TS
2024,domestic,KUV,군산,2030,1124,321963,0,3597,325560,171166,0,1773,172939,,,A_AIRPORT|A_BF|A_FF|A_FP|A_MF|A_NP|A_OC|A_TS|KOR_N|ORDER_N|PRE_BF|PRE_FF|PRE_FP|PRE_MF|PRE_NP|PRE_OC|PRE_TS
2024,domestic,WJU,원주,1370,1379,204408,0,2755,207163,202839,0,2440,205279,,,A_AIRPORT|A_BF|A_FF|A_FP|A_MF|A_NP|A_OC|A_TS|KOR_N|ORDER_N|PRE_BF|PRE_FF|PRE_FP|PRE_MF|PRE_NP|PRE_OC|PRE_TS
2024,domestic,ICN,인천,4474,3175,485591,0,2110,487701,365308,0,1988,367296,,,A_AIRPORT|A_BF|A_FF|A_FP|A_MF|A_NP|A_OC|A_TS|KOR_N|ORDER_N|PRE_BF|PRE_FF|PRE_FP|PRE_MF|PRE_NP|PRE_OC|PRE_TS
2024,international,ALL,합계,519085,411299,81658168,7268453,382247,89308868,61883158,6435857,303138,68622153,,,A_AIRPORT|A_BF|A_FF|A_FP|A_MF|A_NP|A_OC|A_TS|KOR_N|ORDER_N|PRE_BF|PRE_FF|PRE_FP|PRE_MF|PRE_NP|PRE_OC|PRE_TS
2024,international,GMP,김포,20697,18000,3916217,6027,14845,3937089,3185130,18347,12430,3215907,,,A_AIRPORT|A_BF|A_FF|A_FP|A_MF|A_NP|A_OC|A_TS|KOR_N|ORDER_N|PRE_BF|PRE_FF|PRE_FP|PRE_MF|PRE_NP|PRE_OC|PRE_TS
2024,international,PUS,김해,52633,38289,8947771,10855,47177,9005803,6478616,9310,33587,6521513,,,A_AIRPORT|A_BF|A_FF|A_FP|A_MF|A_NP|A_OC|A_TS|KOR_N|ORDER_N|PRE_BF|PRE_FF|PRE_FP|PRE_MF|PRE_NP|PRE_OC|PRE_TS
2024,international,CJU,제주,16219,8134,2437021,36,10553,2447610,1189379,169,5457,1195005,,,A_AIRPORT|A_BF|A_FF|A_FP|A_MF|A_NP|A_OC|A_TS|KOR_N|ORDER_N|PRE_BF|PRE_FF|PRE_FP|PRE_MF|PRE_NP|PRE_OC|PRE_TS
2024,international,CJJ,청주,9814,3655,1461115,12,7558,1468685,519531,0,2502,522033,,,A_AIRPORT|A_BF|A_FF|A_FP|A_MF|A_NP|A_OC|A_TS|KOR_N|ORDER_N|PRE_BF|PRE_FF|PRE_FP|PRE_MF|PRE_NP|PRE_OC|PRE_TS
2024,international,TAE,대구,8568,7034,1400432,3,5687,1406122,1110267,4,4732,1115003,,,A_AIRPORT|A_BF|A_FF|A_FP|A_MF|A_NP|A_OC|A_TS|KOR_N|ORDER_N|PRE_BF|PRE_FF|PRE_FP|PRE_MF|PRE_NP|PRE_OC|PRE_TS
2024,international,MWX,무안,2306,1484,355620,0,783,356403,232745,15,577,233337,,,A_AIRPORT|A_BF|A_FF|A_FP|A_MF|A_NP|A_OC|A_TS|KOR_N|ORDER_N|PRE_BF|PRE_FF|PRE_FP|PRE_MF|PRE_NP|PRE_OC|PRE_TS
2024,international,YNY,양양,122,579,17897,0,13,17910,55389,0,198,55587,,,A_AIRPORT|A_BF|A_FF|A_FP|A_MF|A_NP|A_OC|A_TS|KOR_N|ORDER_N|PRE_BF|PRE_FF|PRE_FP|PRE_MF|PRE_NP|PRE_OC|PRE_TS
2024,international,ICN,인천,408726,334124,63122095,7251520,295631,70669246,49112101,6408012,243655,55763768,,,A_AIRPORT|A_BF|A_FF|A_FP|A_MF|A_NP|A_OC|A_TS|KOR_N|ORDER_N|PRE_BF|PRE_FF|PRE_FP|PRE_MF|PRE_NP|PRE_OC|PRE_TS
2025,total,ALL,합계,912744,892653,148003875,7034258,1006472,156044605,143921668,7268453,940997,152131118,,,A_AIRPORT|A_BF|A_FF|A_FP|A_MF|A_NP|A_OC|A_TS|KOR_N|ORDER_N|PRE_BF|PRE_FF|PRE_FP|PRE_MF|PRE_NP|PRE_OC|PRE_TS
2025,total,GMP,김포,127464,128948,22772435,6078,183576,22962089,22809348,6027,175224,22990599,,,A_AIRPORT|A_BF|A_FF|A_FP|A_MF|A_NP|A_OC|A_TS|KOR_N|ORDER_N|PRE_BF|PRE_FF|PRE_FP|PRE_MF|PRE_NP|PRE_OC|PRE_TS
2025,total,PUS,김해,103830,94870,16810704,30348,108735,16949787,15646869,10855,94734,15752458,,,A_AIRPORT|A_BF|A_FF|A_FP|A_MF|A_NP|A_OC|A_TS|KOR_N|ORDER_N|PRE_BF|PRE_FF|PRE_FP|PRE_MF|PRE_NP|PRE_OC|PRE_TS
2025,total,CJU,제주,172822,172752,29527969,26,278987,29806982,29357430,36,262140,29619606,,,A_AIRPORT|A_BF|A_FF|A_FP|A_MF|A_NP|A_OC|A_TS|KOR_N|ORDER_N|PRE_BF|PRE_FF|PRE_FP|PRE_MF|PRE_NP|PRE_OC|PRE_TS
2025,total,CJJ,청주,29864,28387,4625595,6,44355,4669956,4536292,12,42917,4579221,,,A_AIRPORT|A_BF|A_FF|A_FP|A_MF|A_NP|A_OC|A_TS|KOR_N|ORDER_N|PRE_BF|PRE_FF|PRE_FP|PRE_MF|PRE_NP|PRE_OC|PRE_TS
2025,total,TAE,대구,23392,22344,3547449,4971,26775,3579195,3512848,3,24190,3537041,,,A_AIRPORT|A_BF|A_FF|A_FP|A_MF|A_NP|A_OC|A_TS|KOR_N|ORDER_N|PRE_BF|PRE_FF|PRE_FP|PRE_MF|PRE_NP|PRE_OC|PRE_TS
2025,total,MWX,무안,0,2699,0,0,0,0,404412,0,1457,405869,,,A_AIRPORT|A_BF|A_FF|A_FP|A_MF|A_NP|A_OC|A_TS|KOR_N|ORDER_N|PRE_BF|PRE_FF|PRE_FP|PRE_MF|PRE_NP|PRE_OC|PRE_TS
2025,total,YNY,양양,408,122,61389,0,775,62164,17897,0,13,17910,,,A_AIRPORT|A_BF|A_FF|A_FP|A_MF|A_NP|A_OC|A_TS|KOR_N|ORDER_N|PRE_BF|PRE_FF|PRE_FP|PRE_MF|PRE_NP|PRE_OC|PRE_TS
2025,total,KWJ,광주,13100,13557,1916553,0,18317,1934870,1942032,0,17226,1959258,,,A_AIRPORT|A_BF|A_FF|A_FP|A_MF|A_NP|A_OC|A_TS|KOR_N|ORDER_N|PRE_BF|PRE_FF|PRE_FP|PRE_MF|PRE_NP|PRE_OC|PRE_TS
2025,total,USN,울산,4293,3443,504665,0,7319,511984,442609,0,6137,448746,,,A_AIRPORT|A_BF|A_FF|A_FP|A_MF|A_NP|A_OC|A_TS|KOR_N|ORDER_N|PRE_BF|PRE_FF|PRE_FP|PRE_MF|PRE_NP|PRE_OC|PRE_TS
2025,total,RSU,여수,4771,5074,588394,0,6888,595282,625955,0,6863,632818,,,A_AIRPORT|A_BF|A_FF|A_FP|A_MF|A_NP|A_OC|A_TS|KOR_N|ORDER_N|PRE_BF|PRE_FF|PRE_FP|PRE_MF|PRE_NP|PRE_OC|PRE_TS
2025,total,KPO,포항경주,2039,2102,219417,0,3065,222482,253765,0,3244,257009,,,A_AIRPORT|A_BF|A_FF|A_FP|A_MF|A_NP|A_OC|A_TS|KOR_N|ORDER_N|PRE_BF|PRE_FF|PRE_FP|PRE_MF|PRE_NP|PRE_OC|PRE_TS
2025,total,HIN,사천,1873,1755,227029,0,3015,230044,238154,0,2759,240913,,,A_AIRPORT|A_BF|A_FF|A_FP|A_MF|A_NP|A_OC|A_TS|KOR_N|ORDER_N|PRE_BF|PRE_FF|PRE_FP|PRE_MF|PRE_NP|PRE_OC|PRE_TS
2025,total,KUV,군산,1742,2030,243359,0,3020,246379,321963,0,3597,325560,,,A_AIRPORT|A_BF|A_FF|A_FP|A_MF|A_NP|A_OC|A_TS|KOR_N|ORDER_N|PRE_BF|PRE_FF|PRE_FP|PRE_MF|PRE_NP|PRE_OC|PRE_TS
2025,total,WJU,원주,1386,1370,199164,0,2752,201916,204408,0,2755,207163,,,A_AIRPORT|A_BF|A_FF|A_FP|A_MF|A_NP|A_OC|A_TS|KOR_N|ORDER_N|PRE_BF|PRE_FF|PRE_FP|PRE_MF|PRE_NP|PRE_OC|PRE_TS
2025,total,ICN,인천,425760,413200,66759753,6992829,318893,74071475,63607686,7251520,297741,71156947,,,A_AIRPORT|A_BF|A_FF|A_FP|A_MF|A_NP|A_OC|A_TS|KOR_N|ORDER_N|PRE_BF|PRE_FF|PRE_FP|PRE_MF|PRE_NP|PRE_OC|PRE_TS
2025,domestic,ALL,합계,363746,373568,60490102,0,579060,61069162,62263500,0,558750,62822250,,,A_AIRPORT|A_BF|A_FF|A_FP|A_MF|A_NP|A_OC|A_TS|KOR_N|ORDER_N|PRE_BF|PRE_FF|PRE_FP|PRE_MF|PRE_NP|PRE_OC|PRE_TS
2025,domestic,GMP,김포,104528,108251,18357957,0,166472,18524429,18893131,0,160379,19053510,,,A_AIRPORT|A_BF|A_FF|A_FP|A_MF|A_NP|A_OC|A_TS|KOR_N|ORDER_N|PRE_BF|PRE_FF|PRE_FP|PRE_MF|PRE_NP|PRE_OC|PRE_TS
2025,domestic,PUS,김해,40891,42237,6399199,0,48242,6447441,6699098,0,47557,6746655,,,A_AIRPORT|A_BF|A_FF|A_FP|A_MF|A_NP|A_OC|A_TS|KOR_N|ORDER_N|PRE_BF|PRE_FF|PRE_FP|PRE_MF|PRE_NP|PRE_OC|PRE_TS
2025,domestic,CJU,제주,154088,156533,26513249,0,264453,26777702,26920409,0,251587,27171996,,,A_AIRPORT|A_BF|A_FF|A_FP|A_MF|A_NP|A_OC|A_TS|KOR_N|ORDER_N|PRE_BF|PRE_FF|PRE_FP|PRE_MF|PRE_NP|PRE_OC|PRE_TS
2025,domestic,CJJ,청주,16166,18573,2694996,0,32899,2727895,3075177,0,35359,3110536,,,A_AIRPORT|A_BF|A_FF|A_FP|A_MF|A_NP|A_OC|A_TS|KOR_N|ORDER_N|PRE_BF|PRE_FF|PRE_FP|PRE_MF|PRE_NP|PRE_OC|PRE_TS
2025,domestic,TAE,대구,13935,13776,2062483,0,19551,2082034,2112416,0,18503,2130919,,,A_AIRPORT|A_BF|A_FF|A_FP|A_MF|A_NP|A_OC|A_TS|KOR_N|ORDER_N|PRE_BF|PRE_FF|PRE_FP|PRE_MF|PRE_NP|PRE_OC|PRE_TS
2025,domestic,MWX,무안,0,393,0,0,0,0,48792,0,674,49466,,,A_AIRPORT|A_BF|A_FF|A_FP|A_MF|A_NP|A_OC|A_TS|KOR_N|ORDER_N|PRE_BF|PRE_FF|PRE_FP|PRE_MF|PRE_NP|PRE_OC|PRE_TS
2025,domestic,YNY,양양,314,0,49651,0,761,50412,0,0,0,0,,,A_AIRPORT|A_BF|A_FF|A_FP|A_MF|A_NP|A_OC|A_TS|KOR_N|ORDER_N|PRE_BF|PRE_FF|PRE_FP|PRE_MF|PRE_NP|PRE_OC|PRE_TS
2025,domestic,KWJ,광주,13100,13557,1916553,0,18317,1934870,1942032,0,17226,1959258,,,A_AIRPORT|A_BF|A_FF|A_FP|A_MF|A_NP|A_OC|A_TS|KOR_N|ORDER_N|PRE_BF|PRE_FF|PRE_FP|PRE_MF|PRE_NP|PRE_OC|PRE_TS
2025,domestic,USN,울산,4289,3443,504254,0,7319,511573,442609,0,6137,448746,,,A_AIRPORT|A_BF|A_FF|A_FP|A_MF|A_NP|A_OC|A_TS|KOR_N|ORDER_N|PRE_BF|PRE_FF|PRE_FP|PRE_MF|PRE_NP|PRE_OC|PRE_TS
2025,domestic,RSU,여수,4771,5074,588394,0,6888,595282,625955,0,6863,632818,,,A_AIRPORT|A_BF|A_FF|A_FP|A_MF|A_NP|A_OC|A_TS|KOR_N|ORDER_N|PRE_BF|PRE_FF|PRE_FP|PRE_MF|PRE_NP|PRE_OC|PRE_TS
2025,domestic,KPO,포항경주,2039,2102,219417,0,3065,222482,253765,0,3244,257009,,,A_AIRPORT|A_BF|A_FF|A_FP|A_MF|A_NP|A_OC|A_TS|KOR_N|ORDER_N|PRE_BF|PRE_FF|PRE_FP|PRE_MF|PRE_NP|PRE_OC|PRE_TS
2025,domestic,HIN,사천,1873,1755,227029,0,3015,230044,238154,0,2759,240913,,,A_AIRPORT|A_BF|A_FF|A_FP|A_MF|A_NP|A_OC|A_TS|KOR_N|ORDER_N|PRE_BF|PRE_FF|PRE_FP|PRE_MF|PRE_NP|PRE_OC|PRE_TS
2025,domestic,KUV,군산,1742,2030,243359,0,3020,246379,321963,0,3597,325560,,,A_AIRPORT|A_BF|A_FF|A_FP|A_MF|A_NP|A_OC|A_TS|KOR_N|ORDER_N|PRE_BF|PRE_FF|PRE_FP|PRE_MF|PRE_NP|PRE_OC|PRE_TS
2025,domestic,WJU,원주,1386,1370,199164,0,2752,201916,204408,0,2755,207163,,,A_AIRPORT|A_BF|A_FF|A_FP|A_MF|A_NP|A_OC|A_TS|KOR_N|ORDER_N|PRE_BF|PRE_FF|PRE_FP|PRE_MF|PRE_NP|PRE_OC|PRE_TS
2025,domestic,ICN,인천,4624,4474,514397,0,2306,516703,485591,0,2110,487701,,,A_AIRPORT|A_BF|A_FF|A_FP|A_MF|A_NP|A_OC|A_TS|KOR_N|ORDER_N|PRE_BF|PRE_FF|PRE_FP|PRE_MF|PRE_NP|PRE_OC|PRE_TS
2025,international,ALL,합계,548998,519085,87513773,7034258,427412,94975443,81658168,7268453,382247,89308868,,,A_AIRPORT|A_BF|A_FF|A_FP|A_MF|A_NP|A_OC|A_TS|KOR_N|ORDER_N|PRE_BF|PRE_FF|PRE_FP|PRE_MF|PRE_NP|PRE_OC|PRE_TS
2025,international,GMP,김포,22936,20697,4414478,6078,17104,4437660,3916217,6027,14845,3937089,,,A_AIRPORT|A_BF|A_FF|A_FP|A_MF|A_NP|A_OC|A_TS|KOR_N|ORDER_N|PRE_BF|PRE_FF|PRE_FP|PRE_MF|PRE_NP|PRE_OC|PRE_TS
2025,international,PUS,김해,62939,52633,10411505,30348,60493,10502346,8947771,10855,47177,9005803,,,A_AIRPORT|A_BF|A_FF|A_FP|A_MF|A_NP|A_OC|A_TS|KOR_N|ORDER_N|PRE_BF|PRE_FF|PRE_FP|PRE_MF|PRE_NP|PRE_OC|PRE_TS
2025,international,CJU,제주,18734,16219,3014720,26,14534,3029280,2437021,36,10553,2447610,,,A_AIRPORT|A_BF|A_FF|A_FP|A_MF|A_NP|A_OC|A_TS|KOR_N|ORDER_N|PRE_BF|PRE_FF|PRE_FP|PRE_MF|PRE_NP|PRE_OC|PRE_TS
2025,international,CJJ,청주,13698,9814,1930599,6,11456,1942061,1461115,12,7558,1468685,,,A_AIRPORT|A_BF|A_FF|A_FP|A_MF|A_NP|A_OC|A_TS|KOR_N|ORDER_N|PRE_BF|PRE_FF|PRE_FP|PRE_MF|PRE_NP|PRE_OC|PRE_TS
2025,international,TAE,대구,9457,8568,1484966,4971,7224,1497161,1400432,3,5687,1406122,,,A_AIRPORT|A_BF|A_FF|A_FP|A_MF|A_NP|A_OC|A_TS|KOR_N|ORDER_N|PRE_BF|PRE_FF|PRE_FP|PRE_MF|PRE_NP|PRE_OC|PRE_TS
2025,international,MWX,무안,0,2306,0,0,0,0,355620,0,783,356403,,,A_AIRPORT|A_BF|A_FF|A_FP|A_MF|A_NP|A_OC|A_TS|KOR_N|ORDER_N|PRE_BF|PRE_FF|PRE_FP|PRE_MF|PRE_NP|PRE_OC|PRE_TS
2025,international,YNY,양양,94,122,11738,0,14,11752,17897,0,13,17910,,,A_AIRPORT|A_BF|A_FF|A_FP|A_MF|A_NP|A_OC|A_TS|KOR_N|ORDER_N|PRE_BF|PRE_FF|PRE_FP|PRE_MF|PRE_NP|PRE_OC|PRE_TS
2025,international,USN,울산,4,0,411,0,0,411,0,0,0,0,,,A_AIRPORT|A_BF|A_FF|A_FP|A_MF|A_NP|A_OC|A_TS|KOR_N|ORDER_N|PRE_BF|PRE_FF|PRE_FP|PRE_MF|PRE_NP|PRE_OC|PRE_TS
2025,international,ICN,인천,421136,408726,66245356,6992829,316587,73554772,63122095,7251520,295631,70669246,,,A_AIRPORT|A_BF|A_FF|A_FP|A_MF|A_NP|A_OC|A_TS|KOR_N|ORDER_N|PRE_BF|PRE_FF|PRE_FP|PRE_MF|PRE_NP|PRE_OC|PRE_TS
