candidate_store_id,source_store_id,store_name,brand,sido,sigungu,admin_dong,legal_dong,road_address,jibun_address,address,longitude,latitude,biz_l1,biz_l2,biz_l3,ksic_name
GS_CONV_0001,MA010120220808037647,씨유티,CU,서울특별시,강서구,발산1동,마곡동,서울특별시 강서구 마곡중앙2로 35,서울특별시 강서구 마곡동 800-15,서울특별시 강서구 마곡중앙2로 35,126.830664387212,37.5579650352303,소매,종합 소매,편의점,음료 소매업
GS_CONV_0002,MA010120220800507692,세븐일레븐화곡본동점,세븐일레븐,서울특별시,강서구,화곡본동,화곡동,서울특별시 강서구 초록마을로14길 37,서울특별시 강서구 화곡동 55-88,서울특별시 강서구 초록마을로14길 37,126.848490352688,37.5409063383749,소매,종합 소매,편의점,체인화 편의점
GS_CONV_0003,MA010120220800543869,세븐S개화산역점주,세븐일레븐,서울특별시,강서구,방화2동,방화동,서울특별시 강서구 양천로 22,서울특별시 강서구 방화동 846,서울특별시 강서구 양천로 22,126.805999972423,37.5722709229536,소매,종합 소매,편의점,체인화 편의점
GS_CONV_0004,MA010120220813296778,세븐일레븐화곡로점,세븐일레븐,서울특별시,강서구,화곡6동,화곡동,서울특별시 강서구 화곡로60길 33,서울특별시 강서구 화곡동 1114-21,서울특별시 강서구 화곡로60길 33,126.853127639144,37.5534180512929,소매,종합 소매,편의점,체인화 편의점
GS_CONV_0005,MA010120220807797446,씨유양천향교점,CU,서울특별시,강서구,가양1동,가양동,서울특별시 강서구 양천로49길 35,서울특별시 강서구 가양동 276-2,서울특별시 강서구 양천로49길 35,126.84049603232,37.5701962243359,소매,종합 소매,편의점,체인화 편의점
GS_CONV_0006,MA010120220811824553,지에스25화곡초교점,GS25,서울특별시,강서구,화곡본동,화곡동,서울특별시 강서구 초록마을로6길 1,서울특별시 강서구 화곡동 53-14,서울특별시 강서구 초록마을로6길 1,126.847355352883,37.5426167746136,소매,종합 소매,편의점,체인화 편의점
GS_CONV_0007,MA010120220804821859,세븐일레븐롯데스카이파크점,세븐일레븐,서울특별시,강서구,방화2동,개화동,서울특별시 강서구 하늘길 38,서울특별시 강서구 개화동 662,서울특별시 강서구 하늘길 38,126.802957316013,37.5713648899321,소매,종합 소매,편의점,체인화 편의점
GS_CONV_0008,MA010120220800507644,씨유염창오피스점,CU,서울특별시,강서구,염창동,염창동,서울특별시 강서구 공항대로 653-9,서울특별시 강서구 염창동 283-2,서울특별시 강서구 공항대로 653-9,126.877479753242,37.5477965750395,소매,종합 소매,편의점,체인화 편의점
GS_CONV_0009,MA010120220814112486,씨유신방화점,CU,서울특별시,강서구,방화1동,마곡동,서울특별시 강서구 마곡서1로 115-1,서울특별시 강서구 마곡동 739-4,서울특별시 강서구 마곡서1로 115-1,126.818567205368,37.5667047411771,소매,종합 소매,편의점,체인화 편의점
GS_CONV_0010,MA010120220811733674,이마트24마곡지웰점,이마트24,서울특별시,강서구,발산1동,마곡동,서울특별시 강서구 공항대로 200,서울특별시 강서구 마곡동 799-4,서울특별시 강서구 공항대로 200,126.829473753061,37.5589634273402,소매,종합 소매,편의점,체인화 편의점
GS_CONV_0011,MA010120220808150082,변성호부동산,기타/미분류,서울특별시,강서구,가양1동,마곡동,서울특별시 강서구 마곡동로 62,서울특별시 강서구 마곡동 796-3,서울특별시 강서구 마곡동로 62,126.833895520125,37.560546473908,소매,종합 소매,편의점,체인화 편의점
GS_CONV_0012,MA010120220800492887,세븐일레븐강서블루나인점,세븐일레븐,서울특별시,강서구,염창동,염창동,서울특별시 강서구 양천로 583,서울특별시 강서구 염창동 240-21,서울특별시 강서구 양천로 583,126.864347419079,37.5571165522596,소매,종합 소매,편의점,체인화 편의점
GS_CONV_0013,MA010120220813645081,화담,기타/미분류,서울특별시,강서구,가양1동,마곡동,서울특별시 강서구 마곡중앙10로 10,서울특별시 강서구 마곡동 770,서울특별시 강서구 마곡중앙10로 10,126.830233081812,37.5634965301425,소매,종합 소매,편의점,체인화 편의점
GS_CONV_0014,MA010120220800494818,비엔비,기타/미분류,서울특별시,강서구,방화2동,방화동,서울특별시 강서구 금낭화로 51-1,서울특별시 강서구 방화동 593-25,서울특별시 강서구 금낭화로 51-1,126.811473168039,37.5700092854478,소매,종합 소매,편의점,체인화 편의점
GS_CONV_0015,MA010120220808816686,씨유강서,CU,서울특별시,강서구,등촌3동,등촌동,서울특별시 강서구 강서로54길 90,서울특별시 강서구 등촌동 668,서울특별시 강서구 강서로54길 90,126.843633196883,37.5585775804726,소매,종합 소매,편의점,체인화 편의점
GS_CONV_0016,MA010120220805419941,이마트24R강서등촌,이마트24,서울특별시,강서구,화곡4동,화곡동,서울특별시 강서구 등촌로13길 67,서울특별시 강서구 화곡동 815-30,서울특별시 강서구 등촌로13길 67,126.859961245881,37.536271341123,소매,종합 소매,편의점,체인화 편의점
GS_CONV_0017,MA010120220800049557,씨유방화오피스,CU,서울특별시,강서구,방화2동,방화동,서울특별시 강서구 개화동로29길 14,서울특별시 강서구 방화동 612-242,서울특별시 강서구 개화동로29길 14,126.807483465242,37.5632453871594,소매,종합 소매,편의점,체인화 편의점
GS_CONV_0018,MA010120220807053488,세븐일레븐에스송정역점,세븐일레븐,서울특별시,강서구,공항동,공항동,서울특별시 강서구 공항대로 33,서울특별시 강서구 공항동 29-5,서울특별시 강서구 공항대로 33,126.811064578757,37.561476211497,소매,종합 소매,편의점,체인화 편의점
GS_CONV_0019,MA010120220800868128,이마트24가양역점,이마트24,서울특별시,강서구,가양2동,가양동,서울특별시 강서구 양천로57길 10-11,서울특별시 강서구 가양동 1480-1,서울특별시 강서구 양천로57길 10-11,126.852938725956,37.5631665976334,소매,종합 소매,편의점,체인화 편의점
GS_CONV_0020,MA010120220800498950,GS25화곡대원,GS25,서울특별시,강서구,화곡3동,화곡동,서울특별시 강서구 화곡로21길 87,서울특별시 강서구 화곡동 1021,서울특별시 강서구 화곡로21길 87,126.835910951032,37.5446917428749,소매,종합 소매,편의점,체인화 편의점
GS_CONV_0021,MA010120220812147328,씨유이웰메디파크점,CU,서울특별시,강서구,발산1동,마곡동,서울특별시 강서구 마곡중앙4로 74,서울특별시 강서구 마곡동 801-7,서울특별시 강서구 마곡중앙4로 74,126.834920029449,37.5578809623624,소매,종합 소매,편의점,체인화 편의점
GS_CONV_0022,MA010120220800481847,이마트24뉴가양8단지점,이마트24,서울특별시,강서구,가양3동,가양동,서울특별시 강서구 허준로 176,서울특별시 강서구 가양동 1482,서울특별시 강서구 허준로 176,126.856800823923,37.5618649011632,소매,종합 소매,편의점,체인화 편의점
GS_CONV_0023,MA010120220800508669,씨유방화역점,CU,서울특별시,강서구,방화3동,방화동,서울특별시 강서구 금낭화로 287-50,서울특별시 강서구 방화동 829,서울특별시 강서구 금낭화로 287-50,126.812482299099,37.5783631026484,소매,종합 소매,편의점,체인화 편의점
GS_CONV_0024,MA010120220810587838,씨유메이필드호텔점,CU,서울특별시,강서구,발산1동,외발산동,서울특별시 강서구 방화대로 94,서울특별시 강서구 외발산동 426,서울특별시 강서구 방화대로 94,126.819518103788,37.5478933979819,소매,종합 소매,편의점,체인화 편의점
GS_CONV_0025,MA010120220805643618,이마트24화곡,이마트24,서울특별시,강서구,화곡3동,화곡동,서울특별시 강서구 강서로35길 70,서울특별시 강서구 화곡동 1037-32,서울특별시 강서구 강서로35길 70,126.834976338711,37.542609133956,소매,종합 소매,편의점,체인화 편의점
GS_CONV_0026,MA010120220813396928,비에이치능성유통,기타/미분류,서울특별시,강서구,가양1동,마곡동,서울특별시 강서구 마곡중앙10로 30,서울특별시 강서구 마곡동 770-1,서울특별시 강서구 마곡중앙10로 30,126.831229313416,37.5634078589092,소매,종합 소매,편의점,체인화 편의점
GS_CONV_0027,MA010120220804149044,GS25등촌서낭점,GS25,서울특별시,강서구,등촌3동,등촌동,서울특별시 강서구 화곡로63길 125,서울특별시 강서구 등촌동 663-7,서울특별시 강서구 화곡로63길 125,126.846156651606,37.5587791146806,소매,종합 소매,편의점,체인화 편의점
GS_CONV_0028,MA010120220803319151,코리아세븐가양,세븐일레븐,서울특별시,강서구,가양3동,가양동,서울특별시 강서구 허준로 198,서울특별시 강서구 가양동 1488,서울특별시 강서구 허준로 198,126.860253974013,37.5612924014761,소매,종합 소매,편의점,체인화 편의점
GS_CONV_0029,MA010120220800507604,씨유화곡보리수점,CU,서울특별시,강서구,화곡본동,화곡동,서울특별시 강서구 까치산로14길 13,서울특별시 강서구 화곡동 29-82,서울특별시 강서구 까치산로14길 13,126.848288520647,37.5455822624529,소매,종합 소매,편의점,체인화 편의점
GS_CONV_0030,MA010120220813474778,GS25화곡고가점,GS25,서울특별시,강서구,화곡1동,화곡동,서울특별시 강서구 강서로 19,서울특별시 강서구 화곡동 903-1,서울특별시 강서구 강서로 19,126.84768729473,37.5296247865043,소매,종합 소매,편의점,체인화 편의점
GS_CONV_0031,MA010120220800488623,씨유등촌SBS점,CU,서울특별시,강서구,등촌3동,등촌동,서울특별시 강서구 공항대로43길 123,서울특별시 강서구 등촌동 65-5,서울특별시 강서구 공항대로43길 123,126.851117761891,37.5625065885044,소매,종합 소매,편의점,체인화 편의점
GS_CONV_0032,MA010120220800487451,GS25강서,GS25,서울특별시,강서구,화곡1동,화곡동,서울특별시 강서구 강서로 155,서울특별시 강서구 화곡동 1075-39,서울특별시 강서구 강서로 155,126.840819311944,37.5406169374085,소매,종합 소매,편의점,체인화 편의점
GS_CONV_0033,MA010120220800501858,세븐일레븐화곡,세븐일레븐,서울특별시,강서구,화곡4동,화곡동,서울특별시 강서구 등촌로13길 90,서울특별시 강서구 화곡동 504-87,서울특별시 강서구 등촌로13길 90,126.859382468722,37.537198683167,소매,종합 소매,편의점,체인화 편의점
GS_CONV_0034,MA010120220811968033,지에스25우,GS25,서울특별시,강서구,우장산동,화곡동,서울특별시 강서구 우현로 17,서울특별시 강서구 화곡동 84-5,서울특별시 강서구 우현로 17,126.843475781603,37.5472608475745,소매,종합 소매,편의점,체인화 편의점
GS_CONV_0035,MA010120220805219230,이마트24마곡,이마트24,서울특별시,강서구,가양1동,마곡동,서울특별시 강서구 공항대로 213,서울특별시 강서구 마곡동 774-2,서울특별시 강서구 공항대로 213,126.831373501823,37.5596959626564,소매,종합 소매,편의점,체인화 편의점
GS_CONV_0036,MA010120220805354941,세븐강서하이웨이주유소점,세븐일레븐,서울특별시,강서구,화곡6동,화곡동,서울특별시 강서구 공항대로 432,서울특별시 강서구 화곡동 1125,서울특별시 강서구 공항대로 432,126.854958826688,37.5545375513293,소매,종합 소매,편의점,체인화 편의점
GS_CONV_0037,MA010120220813109063,세븐마곡롯데연구소점,세븐일레븐,서울특별시,강서구,가양1동,마곡동,서울특별시 강서구 마곡중앙로 201,서울특별시 강서구 마곡동 756,서울특별시 강서구 마곡중앙로 201,126.827736092323,37.5714126571226,소매,종합 소매,편의점,체인화 편의점
GS_CONV_0038,MA010120220800543843,코리아세븐S주,세븐일레븐,서울특별시,강서구,화곡1동,화곡동,서울특별시 강서구 화곡로 164,서울특별시 강서구 화곡동 1075,서울특별시 강서구 화곡로 164,126.839890109935,37.5412553904615,소매,종합 소매,편의점,체인화 편의점
GS_CONV_0039,MA010120220806865379,세븐화곡로점,세븐일레븐,서울특별시,강서구,화곡6동,화곡동,서울특별시 강서구 화곡로60길 33,서울특별시 강서구 화곡동 1114-21,서울특별시 강서구 화곡로60길 33,126.853127639144,37.5534180512929,소매,종합 소매,편의점,체인화 편의점
GS_CONV_0040,MA010120220804658807,세븐일레븐마곡W,세븐일레븐,서울특별시,강서구,발산1동,마곡동,서울특별시 강서구 마곡중앙1로 14,서울특별시 강서구 마곡동 798-16,서울특별시 강서구 마곡중앙1로 14,126.825208030993,37.5584886713463,소매,종합 소매,편의점,체인화 편의점
GS_CONV_0041,MA010120220814255264,지에스25화곡,GS25,서울특별시,강서구,화곡6동,화곡동,서울특별시 강서구 우장산로16길 19,서울특별시 강서구 화곡동 1105-7,서울특별시 강서구 우장산로16길 19,126.849485760723,37.5523232583585,소매,종합 소매,편의점,체인화 편의점
GS_CONV_0042,MA010120220800477926,세븐일레븐강서화곡예스점,세븐일레븐,서울특별시,강서구,화곡본동,화곡동,서울특별시 강서구 화곡로42길 35,서울특별시 강서구 화곡동 29-52,서울특별시 강서구 화곡로42길 35,126.847484272522,37.5459866756584,소매,종합 소매,편의점,기타 음ㆍ식료품 위주 종합 소매업
GS_CONV_0043,MA010120220806839020,씨유방화초교점,CU,서울특별시,강서구,방화2동,방화동,서울특별시 강서구 초원로 22,서울특별시 강서구 방화동 585-6,서울특별시 강서구 초원로 22,126.807879707408,37.5676158574163,소매,종합 소매,편의점,체인화 편의점
GS_CONV_0044,MA010120220806842180,세븐일레븐화곡,세븐일레븐,서울특별시,강서구,화곡1동,화곡동,서울특별시 강서구 강서로17길 62,서울특별시 강서구 화곡동 353-55,서울특별시 강서구 강서로17길 62,126.842386257338,37.5326451924419,소매,종합 소매,편의점,체인화 편의점
GS_CONV_0045,MA010120220813992566,미니스톱우리동네점,미니스톱,서울특별시,강서구,화곡1동,화곡동,서울특별시 강서구 강서로7길 89,서울특별시 강서구 화곡동 926-1,서울특별시 강서구 강서로7길 89,126.842733145393,37.5290867028337,소매,종합 소매,편의점,체인화 편의점
GS_CONV_0046,MA010120220806955495,세븐신방화역점,세븐일레븐,서울특별시,강서구,방화1동,방화동,서울특별시 강서구 방화대로 319,서울특별시 강서구 방화동 867,서울특별시 강서구 방화대로 319,126.816297147278,37.5692510452759,소매,종합 소매,편의점,체인화 편의점
GS_CONV_0047,MA010120220809404554,세븐일레븐마곡대방디엠점,세븐일레븐,서울특별시,강서구,가양1동,마곡동,서울특별시 강서구 마곡동로10길 23,서울특별시 강서구 마곡동 776,서울특별시 강서구 마곡동로10길 23,126.839288211879,37.5686268557028,소매,종합 소매,편의점,체인화 편의점
GS_CONV_0048,MA010120220803228466,씨유나눔등촌,CU,서울특별시,강서구,등촌1동,등촌동,서울특별시 강서구 공항대로45길 63,서울특별시 강서구 등촌동 639-23,서울특별시 강서구 공항대로45길 63,126.856004925559,37.5578635098832,소매,종합 소매,편의점,체인화 편의점
GS_CONV_0049,MA010120220806713456,씨유화곡더숨점,CU,서울특별시,강서구,화곡본동,화곡동,서울특별시 강서구 초록마을로34길 57,서울특별시 강서구 화곡동 102-348,서울특별시 강서구 초록마을로34길 57,126.845067396718,37.5382349393497,소매,종합 소매,편의점,체인화 편의점
GS_CONV_0050,MA010120220808448698,씨유마곡,CU,서울특별시,강서구,가양1동,마곡동,서울특별시 강서구 마곡중앙6로 10,서울특별시 강서구 마곡동 773-1,서울특별시 강서구 마곡중앙6로 10,126.828214207087,37.5603851750565,소매,종합 소매,편의점,체인화 편의점
GS_CONV_0051,MA010120220812281326,이마트24강서나눔점,이마트24,서울특별시,강서구,염창동,염창동,서울특별시 강서구 양천로73길 49,서울특별시 강서구 염창동 95,서울특별시 강서구 양천로73길 49,126.874213191504,37.5522620901138,소매,종합 소매,편의점,체인화 편의점
GS_CONV_0052,MA010120220814274515,지에스25염창,GS25,서울특별시,강서구,염창동,염창동,서울특별시 강서구 공항대로81길 35,서울특별시 강서구 염창동 262,서울특별시 강서구 공항대로81길 35,126.876154153443,37.5487682702091,소매,종합 소매,편의점,체인화 편의점
GS_CONV_0053,MA010120220813859714,세븐일레븐강서화곡,세븐일레븐,서울특별시,강서구,화곡4동,화곡동,서울특별시 강서구 등촌로13다길 32-18,서울특별시 강서구 화곡동 826-13,서울특별시 강서구 등촌로13다길 32-18,126.858831181314,37.5355401857098,소매,종합 소매,편의점,체인화 편의점
GS_CONV_0054,MA010120220813356964,세븐강서등촌로얄점,세븐일레븐,서울특별시,강서구,등촌3동,등촌동,서울특별시 강서구 공항대로41길 76,서울특별시 강서구 등촌동 698,서울특별시 강서구 공항대로41길 76,126.846819938046,37.5609603877217,소매,종합 소매,편의점,체인화 편의점
GS_CONV_0055,MA010120220812901356,세븐화곡푸른점,세븐일레븐,서울특별시,강서구,화곡3동,화곡동,서울특별시 강서구 강서로45다길 69,서울특별시 강서구 화곡동 1014-15,서울특별시 강서구 강서로45다길 69,126.835141069294,37.5448798801838,소매,종합 소매,편의점,체인화 편의점
GS_CONV_0056,MA010120220804547006,씨유KBS스포츠월드점,CU,서울특별시,강서구,화곡6동,화곡동,서울특별시 강서구 공항대로 376,서울특별시 강서구 화곡동 1093-76,서울특별시 강서구 공항대로 376,126.847190508854,37.5568523248636,소매,종합 소매,편의점,체인화 편의점
GS_CONV_0057,MA010120220806481432,지에스25방화상춘점,GS25,서울특별시,강서구,방화3동,방화동,서울특별시 강서구 금낭화로19길 26,서울특별시 강서구 방화동 813-3,서울특별시 강서구 금낭화로19길 26,126.81062014991,37.5760806175539,소매,종합 소매,편의점,체인화 편의점
GS_CONV_0058,MA010120220800544069,세븐발산제일점주,세븐일레븐,서울특별시,강서구,우장산동,내발산동,서울특별시 강서구 우장산로 31,서울특별시 강서구 내발산동 663-10,서울특별시 강서구 우장산로 31,126.840597277876,37.5545550760625,소매,종합 소매,편의점,체인화 편의점
GS_CONV_0059,MA010120220805212919,씨유우장산,CU,서울특별시,강서구,우장산동,내발산동,서울특별시 강서구 공항대로38길 80,서울특별시 강서구 내발산동 658,서울특별시 강서구 공항대로38길 80,126.842052113841,37.5569626923889,소매,종합 소매,편의점,체인화 편의점
GS_CONV_0060,MA010120220805257031,씨유등촌5단지점,CU,서울특별시,강서구,등촌3동,등촌동,서울특별시 강서구 강서로62길 98,서울특별시 강서구 등촌동 695-1,서울특별시 강서구 강서로62길 98,126.845007506994,37.5616968389793,소매,종합 소매,편의점,체인화 편의점
GS_CONV_0061,MA010120220813364445,GS25개화산역점,GS25,서울특별시,강서구,방화1동,방화동,서울특별시 강서구 양천로 25,서울특별시 강서구 방화동 495-18,서울특별시 강서구 양천로 25,126.806598548039,37.5728034913695,소매,종합 소매,편의점,체인화 편의점
GS_CONV_0062,MA010120220800543845,세븐S방화역점주,세븐일레븐,서울특별시,강서구,방화3동,방화동,서울특별시 강서구 금낭화로 136,서울특별시 강서구 방화동 830-1,서울특별시 강서구 금낭화로 136,126.813005576841,37.5773548205819,소매,종합 소매,편의점,체인화 편의점
GS_CONV_0063,MA010120220800543982,세븐롯데스카이파크점주,세븐일레븐,서울특별시,강서구,방화2동,방화동,서울특별시 강서구 하늘길 38,서울특별시 강서구 방화동 882-1,서울특별시 강서구 하늘길 38,126.802957316013,37.5713648899321,소매,종합 소매,편의점,체인화 편의점
GS_CONV_0064,MA010120220804787073,씨유염창로보점,CU,서울특별시,강서구,염창동,염창동,서울특별시 강서구 공항대로71길 19,서울특별시 강서구 염창동 280-1,서울특별시 강서구 공항대로71길 19,126.87210381154,37.5482413736945,소매,종합 소매,편의점,체인화 편의점
GS_CONV_0065,MA010120220800502422,이마트24방화역점,이마트24,서울특별시,강서구,방화3동,방화동,서울특별시 강서구 금낭화로 136,서울특별시 강서구 방화동 830-1,서울특별시 강서구 금낭화로 136,126.813005576841,37.5773548205819,소매,종합 소매,편의점,체인화 편의점
GS_CONV_0066,MA010120220800840185,GS25강서,GS25,서울특별시,강서구,등촌3동,등촌동,서울특별시 강서구 강서로 392-11,서울특별시 강서구 등촌동 678-13,서울특별시 강서구 강서로 392-11,126.839757832283,37.5607618049444,소매,종합 소매,편의점,체인화 편의점
GS_CONV_0067,MA010120220806828861,지에스25마곡9단지점,GS25,서울특별시,강서구,공항동,마곡동,서울특별시 강서구 공항대로 103,서울특별시 강서구 마곡동 744,서울특별시 강서구 공항대로 103,126.819177848057,37.5622637721853,소매,종합 소매,편의점,체인화 편의점
GS_CONV_0068,MA010120220803371305,씨유마곡,CU,서울특별시,강서구,가양1동,마곡동,서울특별시 강서구 양천로30길 77,서울특별시 강서구 마곡동 716,서울특별시 강서구 양천로30길 77,126.823222578014,37.5701175630973,소매,종합 소매,편의점,체인화 편의점
GS_CONV_0069,MA010120220808476871,지에스25방화온누리점,GS25,서울특별시,강서구,방화2동,방화동,서울특별시 강서구 개화동로27길 16,서울특별시 강서구 방화동 613-21,서울특별시 강서구 개화동로27길 16,126.807469735363,37.5641823996344,소매,종합 소매,편의점,체인화 편의점
GS_CONV_0070,MA010120220800515166,GS25화곡,GS25,서울특별시,강서구,화곡6동,화곡동,서울특별시 강서구 화곡로44가길 43,서울특별시 강서구 화곡동 981-15,서울특별시 강서구 화곡로44가길 43,126.848495205742,37.5496910787971,소매,종합 소매,편의점,체인화 편의점
GS_CONV_0071,MA010120220811883284,지에스25강서메디칼점,GS25,서울특별시,강서구,등촌1동,등촌동,서울특별시 강서구 양천로 556,서울특별시 강서구 등촌동 630-12,서울특별시 강서구 양천로 556,126.860724510114,37.5578061016918,소매,종합 소매,편의점,체인화 편의점
GS_CONV_0072,MA010120220809694035,GS25강서,GS25,서울특별시,강서구,화곡6동,화곡동,서울특별시 강서구 까치산로 193,서울특별시 강서구 화곡동 1114,서울특별시 강서구 까치산로 193,126.854110232769,37.5544373961936,소매,종합 소매,편의점,체인화 편의점
GS_CONV_0073,MA010120220813493875,GS25화곡,GS25,서울특별시,강서구,화곡6동,화곡동,서울특별시 강서구 화곡로 322,서울특별시 강서구 화곡동 1117-16,서울특별시 강서구 화곡로 322,126.850628292491,37.5525589685477,소매,종합 소매,편의점,체인화 편의점
GS_CONV_0074,MA010120220809726018,미니스톱등촌우리점,미니스톱,서울특별시,강서구,등촌2동,등촌동,서울특별시 강서구 등촌로39마길 24,서울특별시 강서구 등촌동 518-24,서울특별시 강서구 등촌로39마길 24,126.858855939745,37.546415275017,소매,종합 소매,편의점,체인화 편의점
GS_CONV_0075,MA010120220805514742,씨유송정역점,CU,서울특별시,강서구,공항동,공항동,서울특별시 강서구 공항대로 43,서울특별시 강서구 공항동 27-1,서울특별시 강서구 공항대로 43,126.812162374993,37.5615049930147,소매,종합 소매,편의점,체인화 편의점
GS_CONV_0076,MA010120220808144354,씨유화곡보리점,CU,서울특별시,강서구,화곡6동,화곡동,서울특별시 강서구 화곡로51길 13,서울특별시 강서구 화곡동 986-1,서울특별시 강서구 화곡로51길 13,126.847350721663,37.5504374328194,소매,종합 소매,편의점,체인화 편의점
GS_CONV_0077,MA010120220813563760,이마트24강서,이마트24,서울특별시,강서구,화곡8동,화곡동,서울특별시 강서구 강서로10길 19,서울특별시 강서구 화곡동 897-2,서울특별시 강서구 강서로10길 19,126.84891892811,37.5303832091132,소매,종합 소매,편의점,체인화 편의점
GS_CONV_0078,MA010120220810118875,지에스25강서,GS25,서울특별시,강서구,등촌3동,등촌동,서울특별시 강서구 강서로56나길 110,서울특별시 강서구 등촌동 691-3,서울특별시 강서구 강서로56나길 110,126.842841900325,37.5635139874367,소매,종합 소매,편의점,체인화 편의점
GS_CONV_0079,MA010120220809657950,세븐강서마곡점,세븐일레븐,서울특별시,강서구,방화1동,마곡동,서울특별시 강서구 마곡서1로 146,서울특별시 강서구 마곡동 735,서울특별시 강서구 마곡서1로 146,126.82141453418,37.5688264199453,소매,종합 소매,편의점,체인화 편의점
GS_CONV_0080,MA010120220804614797,지에스25가양8단지점,GS25,서울특별시,강서구,가양3동,가양동,서울특별시 강서구 허준로 176,서울특별시 강서구 가양동 1482,서울특별시 강서구 허준로 176,126.856800823923,37.5618649011632,소매,종합 소매,편의점,체인화 편의점
GS_CONV_0081,MA010120220809681363,씨유소나무공원점,CU,서울특별시,강서구,화곡본동,화곡동,서울특별시 강서구 까치산로15길 17,서울특별시 강서구 화곡동 26-8,서울특별시 강서구 까치산로15길 17,126.847267230627,37.5469865031114,소매,종합 소매,편의점,체인화 편의점
GS_CONV_0082,MA010120220812726617,이마트24마곡일성점,이마트24,서울특별시,강서구,가양1동,마곡동,서울특별시 강서구 마곡중앙로 161-22,서울특별시 강서구 마곡동 758-2,서울특별시 강서구 마곡중앙로 161-22,126.825784227207,37.5686437402454,소매,종합 소매,편의점,체인화 편의점
GS_CONV_0083,MA010120220800543724,세븐화곡５호점주,세븐일레븐,서울특별시,강서구,화곡1동,화곡동,서울특별시 강서구 강서로17길 62,서울특별시 강서구 화곡동 353-55,서울특별시 강서구 강서로17길 62,126.842386257338,37.5326451924419,소매,종합 소매,편의점,체인화 편의점
GS_CONV_0084,MA010120220800505077,인더라인25,기타/미분류,서울특별시,강서구,화곡1동,화곡동,서울특별시 강서구 강서로5나길 72,서울특별시 강서구 화곡동 913-2,서울특별시 강서구 강서로5나길 72,126.844216219566,37.5285931179647,소매,종합 소매,편의점,체인화 편의점
GS_CONV_0085,MA010120220800544174,세븐공항시장역점주,세븐일레븐,서울특별시,강서구,방화1동,방화동,서울특별시 강서구 방화동로 58-1,서울특별시 강서구 방화동 609-29,서울특별시 강서구 방화동로 58-1,126.812265473464,37.5655235953949,소매,종합 소매,편의점,체인화 편의점
GS_CONV_0086,MA010120220812409216,지에스25송정가온점,GS25,서울특별시,강서구,공항동,공항동,서울특별시 강서구 공항대로7길 27,서울특별시 강서구 공항동 22-4,서울특별시 강서구 공항대로7길 27,126.812804558776,37.5626863169061,소매,종합 소매,편의점,체인화 편의점
GS_CONV_0087,MA010120220811511869,네이처애비뉴,기타/미분류,서울특별시,강서구,가양1동,마곡동,서울특별시 강서구 마곡중앙6로 21,서울특별시 강서구 마곡동 771-4,서울특별시 강서구 마곡중앙6로 21,126.82961663774,37.5608286951995,소매,종합 소매,편의점,체인화 편의점
GS_CONV_0088,MA010120220810409298,신구멍가게24,기타/미분류,서울특별시,강서구,화곡4동,화곡동,서울특별시 강서구 등촌로13길 19,서울특별시 강서구 화곡동 773-30,서울특별시 강서구 등촌로13길 19,126.862214320846,37.5354540814358,소매,종합 소매,편의점,기타 음ㆍ식료품 위주 종합 소매업
GS_CONV_0089,MA010120220804953138,씨유개화산아너스빌점,CU,서울특별시,강서구,방화2동,방화동,서울특별시 강서구 양천로14가길 23,서울특별시 강서구 방화동 887,서울특별시 강서구 양천로14가길 23,126.808445445246,37.5721217473707,소매,종합 소매,편의점,체인화 편의점
GS_CONV_0090,MA010120220813313466,지에스25마곡오드점,GS25,서울특별시,강서구,가양1동,마곡동,서울특별시 강서구 강서로 429,서울특별시 강서구 마곡동 784-11,서울특별시 강서구 강서로 429,126.839513194733,37.5640050570669,소매,종합 소매,편의점,체인화 편의점
GS_CONV_0091,MA010120220804865423,지에스25화곡,GS25,서울특별시,강서구,화곡1동,화곡동,서울특별시 강서구 강서로 47-6,서울특별시 강서구 화곡동 343-74,서울특별시 강서구 강서로 47-6,126.846041797022,37.5320823843892,소매,종합 소매,편의점,체인화 편의점
GS_CONV_0092,MA010120220800093665,씨유화곡,CU,서울특별시,강서구,화곡8동,화곡동,서울특별시 강서구 강서로18바길 22,서울특별시 강서구 화곡동 155-7,서울특별시 강서구 강서로18바길 22,126.849710833508,37.5360425010229,소매,종합 소매,편의점,체인화 편의점
GS_CONV_0093,MA010120220800863059,GS25화곡,GS25,서울특별시,강서구,화곡1동,화곡동,서울특별시 강서구 곰달래로 88,서울특별시 강서구 화곡동 920-1,서울특별시 강서구 곰달래로 88,126.842651699978,37.530158785196,소매,종합 소매,편의점,체인화 편의점
GS_CONV_0094,MA010120220800543764,세븐공항점주,세븐일레븐,서울특별시,강서구,공항동,공항동,서울특별시 강서구 방화대로6나길 1,서울특별시 강서구 공항동 1354-6,서울특별시 강서구 방화대로6나길 1,126.816818649547,37.5550521677064,소매,종합 소매,편의점,체인화 편의점
GS_CONV_0095,MA010120220805327367,세븐일레븐화곡곰달래점,세븐일레븐,서울특별시,강서구,화곡4동,화곡동,서울특별시 강서구 곰달래로50길 19,서울특별시 강서구 화곡동 841-26,서울특별시 강서구 곰달래로50길 19,126.858240511411,37.530791206379,소매,종합 소매,편의점,체인화 편의점
GS_CONV_0096,MA010120220806564008,세븐화곡스타점,세븐일레븐,서울특별시,강서구,우장산동,화곡동,서울특별시 강서구 화곡로31길 85,서울특별시 강서구 화곡동 1031-3,서울특별시 강서구 화곡로31길 85,126.838695497448,37.5442811201815,소매,종합 소매,편의점,체인화 편의점
GS_CONV_0097,MA010120220812475926,세븐일레븐S,세븐일레븐,서울특별시,강서구,화곡1동,화곡동,서울특별시 강서구 화곡로 148,서울특별시 강서구 화곡동 1074,서울특별시 강서구 화곡로 148,126.838341024377,37.540748720566,소매,종합 소매,편의점,체인화 편의점
GS_CONV_0098,MA010120220812691405,씨유뉴화곡우리,CU,서울특별시,강서구,화곡1동,화곡동,서울특별시 강서구 강서로7길 107,서울특별시 강서구 화곡동 926-5,서울특별시 강서구 강서로7길 107,126.841930375781,37.528860380911,소매,종합 소매,편의점,체인화 편의점
GS_CONV_0099,MA010120220811763674,지에스25강서화곡로점,GS25,서울특별시,강서구,화곡1동,화곡동,서울특별시 강서구 화곡로18길 31,서울특별시 강서구 화곡동 1086-3,서울특별시 강서구 화곡로18길 31,126.836093290203,37.5389346139577,소매,종합 소매,편의점,체인화 편의점
GS_CONV_0100,MA010120220808370308,세븐일레븐강서등마루점,세븐일레븐,서울특별시,강서구,등촌1동,등촌동,서울특별시 강서구 화곡로66길 122,서울특별시 강서구 등촌동 643-10,서울특별시 강서구 화곡로66길 122,126.859744196965,37.5554983895346,소매,종합 소매,편의점,체인화 편의점
GS_CONV_0101,MA010120220800508025,예스플러스강서,기타/미분류,서울특별시,강서구,화곡4동,화곡동,서울특별시 강서구 국회대로7길 6,서울특별시 강서구 화곡동 786-7,서울특별시 강서구 국회대로7길 6,126.860663225596,37.5299291288626,소매,종합 소매,편의점,체인화 편의점
GS_CONV_0102,MA010120220814232466,지에스25가양글로벌점,GS25,서울특별시,강서구,가양3동,가양동,서울특별시 강서구 화곡로72길 62,서울특별시 강서구 가양동 448-14,서울특별시 강서구 화곡로72길 62,126.858818213548,37.5604167271166,소매,종합 소매,편의점,체인화 편의점
GS_CONV_0103,MA010120220800543726,세븐발산점주,세븐일레븐,서울특별시,강서구,발산1동,내발산동,서울특별시 강서구 강서로47길 25,서울특별시 강서구 내발산동 699-19,서울특별시 강서구 강서로47길 25,126.834795754141,37.5526550076778,소매,종합 소매,편의점,체인화 편의점
GS_CONV_0104,MA010120220803049095,지에스25화곡화원점,GS25,서울특별시,강서구,화곡1동,화곡동,서울특별시 강서구 월정로30길 102,서울특별시 강서구 화곡동 352-5,서울특별시 강서구 월정로30길 102,126.841316494299,37.5355990399033,소매,종합 소매,편의점,체인화 편의점
GS_CONV_0105,MA010120220806661373,GS25방화5단지점,GS25,서울특별시,강서구,방화3동,방화동,서울특별시 강서구 금낭화로 287-19,서울특별시 강서구 방화동 814,서울특별시 강서구 금낭화로 287-19,126.810278709317,37.5768008638321,소매,종합 소매,편의점,체인화 편의점
GS_CONV_0106,MA010120220812875498,세븐일레븐마곡롯데연구소점,세븐일레븐,서울특별시,강서구,가양1동,마곡동,서울특별시 강서구 마곡중앙로 201,서울특별시 강서구 마곡동 756,서울특별시 강서구 마곡중앙로 201,126.827736092323,37.5714126571226,소매,종합 소매,편의점,체인화 편의점
GS_CONV_0107,MA010120220805083522,지에스25가양,GS25,서울특별시,강서구,등촌3동,등촌동,서울특별시 강서구 양천로 418,서울특별시 강서구 등촌동 10-14,서울특별시 강서구 양천로 418,126.847763070949,37.564691729745,소매,종합 소매,편의점,체인화 편의점
GS_CONV_0108,MA010120220807430247,지에스25개화,GS25,서울특별시,강서구,방화2동,방화동,서울특별시 강서구 개화동로23길 35,서울특별시 강서구 방화동 646-101,서울특별시 강서구 개화동로23길 35,126.807667099881,37.5666604570298,소매,종합 소매,편의점,기타 음ㆍ식료품 위주 종합 소매업
GS_CONV_0109,MA010120220807084148,세븐일레븐강서화곡,세븐일레븐,서울특별시,강서구,화곡6동,화곡동,서울특별시 강서구 까치산로17길 10,서울특별시 강서구 화곡동 976-9,서울특별시 강서구 까치산로17길 10,126.849256345782,37.5482324364715,소매,종합 소매,편의점,체인화 편의점
GS_CONV_0110,MA010120220809877779,세븐발산신화점,세븐일레븐,서울특별시,강서구,우장산동,내발산동,서울특별시 강서구 강서로 360,서울특별시 강서구 내발산동 653,서울특별시 강서구 강서로 360,126.838394959143,37.5576965604941,소매,종합 소매,편의점,체인화 편의점
GS_CONV_0111,MA010120220813481339,지에스25화곡들판점,GS25,서울특별시,강서구,화곡2동,화곡동,서울특별시 강서구 곰달래로 205,서울특별시 강서구 화곡동 862-11,서울특별시 강서구 곰달래로 205,126.855806653376,37.5315360903445,소매,종합 소매,편의점,체인화 편의점
GS_CONV_0112,MA010120220804003272,씨유김포공항역점,CU,서울특별시,강서구,방화2동,방화동,서울특별시 강서구 하늘길 77,서울특별시 강서구 방화동 886,서울특별시 강서구 하늘길 77,126.801578126446,37.5621454060139,소매,종합 소매,편의점,체인화 편의점
GS_CONV_0113,MA010120220805536268,세븐강서화곡진주점,세븐일레븐,서울특별시,강서구,화곡2동,화곡동,서울특별시 강서구 곰달래로36길 17,서울특별시 강서구 화곡동 856-1,서울특별시 강서구 곰달래로36길 17,126.853919605024,37.5303354404141,소매,종합 소매,편의점,체인화 편의점
GS_CONV_0114,MA010120220805253438,씨유방화,CU,서울특별시,강서구,방화2동,방화동,서울특별시 강서구 초원로 56,서울특별시 강서구 방화동 598-106,서울특별시 강서구 초원로 56,126.811558374241,37.5676398063815,소매,종합 소매,편의점,체인화 편의점
GS_CONV_0115,MA010120220806786729,씨유수명산7단지점,CU,서울특별시,강서구,발산1동,내발산동,서울특별시 강서구 수명로2가길 22,서울특별시 강서구 내발산동 756,서울특별시 강서구 수명로2가길 22,126.821917682442,37.5476627818787,소매,종합 소매,편의점,체인화 편의점
GS_CONV_0116,MA010120220806362872,세븐송정로점,세븐일레븐,서울특별시,강서구,공항동,공항동,서울특별시 강서구 송정로 60,서울특별시 강서구 공항동 53-58,서울특별시 강서구 송정로 60,126.810162507251,37.5601412911009,소매,종합 소매,편의점,체인화 편의점
GS_CONV_0117,MA010120220800504017,씨유송정,CU,서울특별시,강서구,공항동,공항동,서울특별시 강서구 공항대로8길 17,서울특별시 강서구 공항동 34-50,서울특별시 강서구 공항대로8길 17,126.812380515924,37.5602709759498,소매,종합 소매,편의점,체인화 편의점
GS_CONV_0118,MA010120220813821481,세븐일레븐등촌영일점,세븐일레븐,서울특별시,강서구,등촌2동,등촌동,서울특별시 강서구 등촌로51가길 27,서울특별시 강서구 등촌동 511-10,서울특별시 강서구 등촌로51가길 27,126.862440724199,37.5477079330142,소매,종합 소매,편의점,체인화 편의점
GS_CONV_0119,MA010120220813703619,지에스구립강서점,기타/미분류,서울특별시,강서구,가양2동,가양동,서울특별시 강서구 허준로 95-9,서울특별시 강서구 가양동 1472-1,서울특별시 강서구 허준로 95-9,126.851707901863,37.5674177561786,소매,종합 소매,편의점,체인화 편의점
GS_CONV_0120,MA010120220812883587,이마트24등촌,이마트24,서울특별시,강서구,등촌2동,등촌동,서울특별시 강서구 등촌로55길 50-7,서울특별시 강서구 등촌동 530-1,서울특별시 강서구 등촌로55길 50-7,126.860760891898,37.5504179679,소매,종합 소매,편의점,체인화 편의점
GS_CONV_0121,MA010120220806709839,대영가스충전소,기타/미분류,서울특별시,강서구,가양1동,마곡동,서울특별시 강서구 양천로 242,서울특별시 강서구 마곡동 761-2,서울특별시 강서구 양천로 242,126.830982953018,37.572255274776,소매,종합 소매,편의점,체인화 편의점
GS_CONV_0122,MA010120220812602974,지에스25마곡비즈점,GS25,서울특별시,강서구,가양1동,마곡동,서울특별시 강서구 마곡중앙5로1길 20,서울특별시 강서구 마곡동 757-3,서울특별시 강서구 마곡중앙5로1길 20,126.826712345559,37.5686721360403,소매,종합 소매,편의점,체인화 편의점
GS_CONV_0123,MA010120220809667960,코리아세븐강서화곡,세븐일레븐,서울특별시,강서구,화곡6동,화곡동,서울특별시 강서구 까치산로17길 10,서울특별시 강서구 화곡동 976-9,서울특별시 강서구 까치산로17길 10,126.849256345782,37.5482324364715,소매,종합 소매,편의점,체인화 편의점
GS_CONV_0124,MA010120220800515549,GS25화곡,GS25,서울특별시,강서구,화곡본동,화곡동,서울특별시 강서구 화곡로44길 12,서울특별시 강서구 화곡동 24-36,서울특별시 강서구 화곡로44길 12,126.847186142437,37.5479054161971,소매,종합 소매,편의점,체인화 편의점
GS_CONV_0125,MA010120220813565570,GS25강서LG사이언스점,GS25,서울특별시,강서구,가양1동,마곡동,서울특별시 강서구 마곡중앙10로 70,서울특별시 강서구 마곡동 789,서울특별시 강서구 마곡중앙10로 70,126.834433244237,37.5630519972311,소매,종합 소매,편의점,체인화 편의점
GS_CONV_0126,MA010120220801438193,이마트24등촌파밀리에점,이마트24,서울특별시,강서구,등촌1동,등촌동,서울특별시 강서구 공항대로53가길 40,서울특별시 강서구 등촌동 643-54,서울특별시 강서구 공항대로53가길 40,126.858726370512,37.5551097473994,소매,종합 소매,편의점,체인화 편의점
GS_CONV_0127,MA010120220800868670,씨유강서,CU,서울특별시,강서구,화곡본동,화곡동,서울특별시 강서구 화곡로42길 15,서울특별시 강서구 화곡동 24-80,서울특별시 강서구 화곡로42길 15,126.846430769618,37.5465349191591,소매,종합 소매,편의점,체인화 편의점
GS_CONV_0128,MA010120220811668177,씨유염창월드점,CU,서울특별시,강서구,염창동,염창동,서울특별시 강서구 공항대로59다길 122,서울특별시 강서구 염창동 272-12,서울특별시 강서구 공항대로59다길 122,126.869440037314,37.5507972925965,소매,종합 소매,편의점,체인화 편의점
GS_CONV_0129,MA010120220800501554,GS25화곡성당점,GS25,서울특별시,강서구,화곡본동,화곡동,서울특별시 강서구 강서로 132,서울특별시 강서구 화곡동 404-6,서울특별시 강서구 강서로 132,126.842599335652,37.5389254450109,소매,종합 소매,편의점,체인화 편의점
GS_CONV_0130,MA010120220800498293,씨유강서오피스점,CU,서울특별시,강서구,화곡6동,화곡동,서울특별시 강서구 화곡로 354-5,서울특별시 강서구 화곡동 1110,서울특별시 강서구 화곡로 354-5,126.852615500055,37.5548770283883,소매,종합 소매,편의점,체인화 편의점
GS_CONV_0131,MA010120220813128983,세븐마곡에스비점,세븐일레븐,서울특별시,강서구,가양1동,마곡동,서울특별시 강서구 강서로 385,서울특별시 강서구 마곡동 794-1,서울특별시 강서구 강서로 385,126.838299258447,37.5600840693644,소매,종합 소매,편의점,체인화 편의점
GS_CONV_0132,MA010120220813084334,이마트24발산현대점,이마트24,서울특별시,강서구,발산1동,외발산동,서울특별시 강서구 남부순환로19길 81,서울특별시 강서구 외발산동 216-18,서울특별시 강서구 남부순환로19길 81,126.824295481433,37.5470626754837,소매,종합 소매,편의점,체인화 편의점
GS_CONV_0133,MA010120220809682774,GS25발산,GS25,서울특별시,강서구,우장산동,내발산동,서울특별시 강서구 우장산로2길 21,서울특별시 강서구 내발산동 670-50,서울특별시 강서구 우장산로2길 21,126.837667776143,37.553794247399,소매,종합 소매,편의점,체인화 편의점
GS_CONV_0134,MA010120220814278350,지에스25공항로,GS25,서울특별시,강서구,화곡6동,화곡동,서울특별시 강서구 공항대로 382,서울특별시 강서구 화곡동 1145,서울특별시 강서구 공항대로 382,126.849556792007,37.5563958553466,소매,종합 소매,편의점,체인화 편의점
GS_CONV_0135,MA010120220807570595,이마트24화곡본동점,이마트24,서울특별시,강서구,화곡본동,화곡동,서울특별시 강서구 초록마을로10길 21,서울특별시 강서구 화곡동 56-308,서울특별시 강서구 초록마을로10길 21,126.849632254811,37.5413673074446,소매,종합 소매,편의점,체인화 편의점
GS_CONV_0136,MA010120220813703648,세븐마곡홈앤쇼핑점,세븐일레븐,서울특별시,강서구,공항동,마곡동,서울특별시 강서구 공항대로 140,서울특별시 강서구 마곡동 746-1,서울특별시 강서구 공항대로 140,126.823248380239,37.5591975408206,소매,종합 소매,편의점,체인화 편의점
GS_CONV_0137,MA010120220800497525,세븐일레븐까치산역점,세븐일레븐,서울특별시,강서구,화곡8동,화곡동,서울특별시 강서구 강서로 54,서울특별시 강서구 화곡동 662-5,서울특별시 강서구 강서로 54,126.846607743541,37.5319569807763,소매,종합 소매,편의점,체인화 편의점
GS_CONV_0138,MA010120220808321852,씨유나눔방화점,CU,서울특별시,강서구,방화1동,방화동,서울특별시 강서구 방화대로37길 15,서울특별시 강서구 방화동 796,서울특별시 강서구 방화대로37길 15,126.816046082631,37.5700795690654,소매,종합 소매,편의점,체인화 편의점
GS_CONV_0139,MA010120220800494313,인더라인25,기타/미분류,서울특별시,강서구,등촌3동,등촌동,서울특별시 강서구 양천로 470,서울특별시 강서구 등촌동 717,서울특별시 강서구 양천로 470,126.852488154611,37.5620668206943,소매,종합 소매,편의점,체인화 편의점
GS_CONV_0140,MA010120220800496153,GS25강서,GS25,서울특별시,강서구,화곡6동,화곡동,서울특별시 강서구 화곡로58길 8,서울특별시 강서구 화곡동 1117,서울특별시 강서구 화곡로58길 8,126.851204753795,37.5529110853308,소매,종합 소매,편의점,체인화 편의점
GS_CONV_0141,MA010120220809954565,GS25마곡,GS25,서울특별시,강서구,가양1동,마곡동,서울특별시 강서구 마곡중앙로 76,서울특별시 강서구 마곡동 773,서울특별시 강서구 마곡중앙로 76,126.827501108791,37.5604111652286,소매,종합 소매,편의점,체인화 편의점
GS_CONV_0142,MA010120220813132948,세븐일레븐신방화역점,세븐일레븐,서울특별시,강서구,방화1동,방화동,서울특별시 강서구 방화대로 319,서울특별시 강서구 방화동 867,서울특별시 강서구 방화대로 319,126.816297147278,37.5692510452759,소매,종합 소매,편의점,체인화 편의점
GS_CONV_0143,MA010120220811868641,지에스25화곡,GS25,서울특별시,강서구,화곡본동,화곡동,서울특별시 강서구 화곡로42길 28,서울특별시 강서구 화곡동 24-108,서울특별시 강서구 화곡로42길 28,126.846918331873,37.5460580231916,소매,종합 소매,편의점,체인화 편의점
GS_CONV_0144,MA010120220806841628,지에스GS25강서하늘점,GS25,서울특별시,강서구,방화2동,방화동,서울특별시 강서구 양천로10길 38,서울특별시 강서구 방화동 904,서울특별시 강서구 양천로10길 38,126.80864074029,37.5710048316865,소매,종합 소매,편의점,체인화 편의점
GS_CONV_0145,MA010120220800084693,씨유등촌원룸점,CU,서울특별시,강서구,등촌1동,등촌동,서울특별시 강서구 화곡로68길 132,서울특별시 강서구 등촌동 636,서울특별시 강서구 화곡로68길 132,126.860749492745,37.5565447357923,소매,종합 소매,편의점,체인화 편의점
GS_CONV_0146,MA010120220807336004,GS25화곡한나점,GS25,서울특별시,강서구,화곡1동,화곡동,서울특별시 강서구 강서로5나길 21,서울특별시 강서구 화곡동 906-1,서울특별시 강서구 강서로5나길 21,126.847112831084,37.5283896730569,소매,종합 소매,편의점,체인화 편의점
GS_CONV_0147,MA010120220813705139,세븐일레븐마곡로뎀점,세븐일레븐,서울특별시,강서구,발산1동,마곡동,서울특별시 강서구 공항대로 186,서울특별시 강서구 마곡동 799-1,서울특별시 강서구 공항대로 186,126.827990808378,37.5590964256157,소매,종합 소매,편의점,체인화 편의점
GS_CONV_0148,MA010120220800492522,세븐일레븐공항,세븐일레븐,서울특별시,강서구,방화2동,방화동,서울특별시 강서구 방화동로5길 24,서울특별시 강서구 방화동 612-87,서울특별시 강서구 방화동로5길 24,126.809992775004,37.564582924911,소매,종합 소매,편의점,체인화 편의점
GS_CONV_0149,MA010120220806882533,세븐일레븐화곡신정초교점,세븐일레븐,서울특별시,강서구,화곡2동,화곡동,서울특별시 강서구 곰달래로31다길 8,서울특별시 강서구 화곡동 451-23,서울특별시 강서구 곰달래로31다길 8,126.851718756523,37.5333780792029,소매,종합 소매,편의점,체인화 편의점
GS_CONV_0150,MA010120220800087730,씨유화곡,CU,서울특별시,강서구,화곡8동,화곡동,서울특별시 강서구 강서로8길 47,서울특별시 강서구 화곡동 878-10,서울특별시 강서구 강서로8길 47,126.850616493527,37.5301150683466,소매,종합 소매,편의점,체인화 편의점
GS_CONV_0151,MA010120220802383875,세븐화곡까치산로점,세븐일레븐,서울특별시,강서구,화곡본동,화곡동,서울특별시 강서구 까치산로 29,서울특별시 강서구 화곡동 98-150,서울특별시 강서구 까치산로 29,126.843497024176,37.542512614231,소매,종합 소매,편의점,체인화 편의점
GS_CONV_0152,MA010120220800499198,GS25화곡풀향기점,GS25,서울특별시,강서구,화곡3동,화곡동,서울특별시 강서구 강서로35길 8,서울특별시 강서구 화곡동 1032-14,서울특별시 강서구 강서로35길 8,126.83841540763,37.5429832993729,소매,종합 소매,편의점,체인화 편의점
GS_CONV_0153,MA010120220802696854,지에스25화곡버디점,GS25,서울특별시,강서구,우장산동,화곡동,서울특별시 강서구 화곡로27길 20,서울특별시 강서구 화곡동 1053-8,서울특별시 강서구 화곡로27길 20,126.840350918632,37.542715632401,소매,종합 소매,편의점,체인화 편의점
GS_CONV_0154,MA010120220805201699,씨유마곡투웨니점,CU,서울특별시,강서구,가양1동,마곡동,서울특별시 강서구 강서로 443,서울특별시 강서구 마곡동 784-6,서울특별시 강서구 강서로 443,126.839918196045,37.5651588809335,소매,종합 소매,편의점,체인화 편의점
GS_CONV_0155,MA010120220811127244,지에스25S9등촌역점,GS25,서울특별시,강서구,등촌1동,등촌동,서울특별시 강서구 공항대로 529,서울특별시 강서구 등촌동 666-94,서울특별시 강서구 공항대로 529,126.864946761102,37.5511165979843,소매,종합 소매,편의점,체인화 편의점
GS_CONV_0156,MA010120220806579959,GS25마곡파크뷰점,GS25,서울특별시,강서구,가양1동,마곡동,서울특별시 강서구 마곡중앙6로 85,서울특별시 강서구 마곡동 795-5,서울특별시 강서구 마곡중앙6로 85,126.836884155961,37.5602443020844,소매,종합 소매,편의점,체인화 편의점
GS_CONV_0157,MA010120220805529639,씨유까치산역점,CU,서울특별시,강서구,화곡1동,화곡동,서울특별시 강서구 강서로 61,서울특별시 강서구 화곡동 348-9,서울특별시 강서구 강서로 61,126.845643921313,37.5330008853312,소매,종합 소매,편의점,체인화 편의점
GS_CONV_0158,MA010120220800496100,지에스25발산1단지점,GS25,서울특별시,강서구,발산1동,내발산동,서울특별시 강서구 강서로47길 108,서울특별시 강서구 내발산동 742,서울특별시 강서구 강서로47길 108,126.8305385525,37.5535589814429,소매,종합 소매,편의점,체인화 편의점
GS_CONV_0159,MA010120220812080515,지에스25S9양천향교역점,GS25,서울특별시,강서구,가양1동,가양동,서울특별시 강서구 양천로 341,서울특별시 강서구 가양동 159-3,서울특별시 강서구 양천로 341,126.84081602782,37.5687640748334,소매,종합 소매,편의점,체인화 편의점
GS_CONV_0160,MA010120220803103144,세븐일레븐화곡수명점,세븐일레븐,서울특별시,강서구,화곡3동,화곡동,서울특별시 강서구 강서로33길 103,서울특별시 강서구 화곡동 1068,서울특별시 강서구 강서로33길 103,126.834234113804,37.540535797164,소매,종합 소매,편의점,체인화 편의점
GS_CONV_0161,MA010120220804889147,이마트24화곡소망점,이마트24,서울특별시,강서구,화곡1동,화곡동,서울특별시 강서구 강서로15길 95,서울특별시 강서구 화곡동 424-51,서울특별시 강서구 강서로15길 95,126.840815049809,37.5319763448291,소매,종합 소매,편의점,체인화 편의점
GS_CONV_0162,MA010120220810163299,CU화곡청산점,CU,서울특별시,강서구,화곡1동,화곡동,서울특별시 강서구 화곡로 158,서울특별시 강서구 화곡동 1074-17,서울특별시 강서구 화곡로 158,126.839211588154,37.5410742687522,소매,종합 소매,편의점,체인화 편의점
GS_CONV_0163,MA010120220800543827,세븐화곡파크뷰점,세븐일레븐,서울특별시,강서구,화곡6동,화곡동,서울특별시 강서구 화곡로53길 9,서울특별시 강서구 화곡동 988-22,서울특별시 강서구 화곡로53길 9,126.848231986656,37.5511413468973,소매,종합 소매,편의점,체인화 편의점
GS_CONV_0164,MA010120220800507371,씨유방화리치점,CU,서울특별시,강서구,방화2동,방화동,서울특별시 강서구 방화동로 107,서울특별시 강서구 방화동 580-13,서울특별시 강서구 방화동로 107,126.812616570746,37.5699570461856,소매,종합 소매,편의점,체인화 편의점
GS_CONV_0165,MA010120220814171460,씨유강서도레미점,CU,서울특별시,강서구,방화2동,방화동,서울특별시 강서구 양천로14가길 23,서울특별시 강서구 방화동 887,서울특별시 강서구 양천로14가길 23,126.808445445246,37.5721217473707,소매,종합 소매,편의점,체인화 편의점
GS_CONV_0166,MA010120220800044587,지에스25강서,GS25,서울특별시,강서구,우장산동,화곡동,서울특별시 강서구 강서로 242,서울특별시 강서구 화곡동 1165-1,서울특별시 강서구 강서로 242,126.836765067321,37.5473869110847,소매,종합 소매,편의점,체인화 편의점
GS_CONV_0167,MA010120220807112454,지에스25공항화물,GS25,서울특별시,강서구,공항동,공항동,서울특별시 강서구 하늘길 112,서울특별시 강서구 공항동 1373-5,서울특별시 강서구 하늘길 112,126.808473481221,37.5567508187594,소매,종합 소매,편의점,체인화 편의점
GS_CONV_0168,MA010120220804586797,코리아세븐마곡W,세븐일레븐,서울특별시,강서구,발산1동,마곡동,서울특별시 강서구 마곡중앙1로 14,서울특별시 강서구 마곡동 798-16,서울특별시 강서구 마곡중앙1로 14,126.825208030993,37.5584886713463,소매,종합 소매,편의점,체인화 편의점
GS_CONV_0169,MA010120220807826906,지에스25내발산프라임,GS25,서울특별시,강서구,발산1동,내발산동,서울특별시 강서구 수명로 68-11,서울특별시 강서구 내발산동 750-7,서울특별시 강서구 수명로 68-11,126.826546575237,37.5522917888868,소매,종합 소매,편의점,체인화 편의점
GS_CONV_0170,MA010120220809341542,지에스25강서,GS25,서울특별시,강서구,공항동,공항동,서울특별시 강서구 송정로 37,서울특별시 강서구 공항동 60-31,서울특별시 강서구 송정로 37,126.810756010134,37.5581780730416,소매,종합 소매,편의점,체인화 편의점
GS_CONV_0171,MA010120220800500833,지에스25영일점,GS25,서울특별시,강서구,화곡본동,화곡동,서울특별시 강서구 까치산로4길 67,서울특별시 강서구 화곡동 102-160,서울특별시 강서구 까치산로4길 67,126.846398372016,37.5402639264405,소매,종합 소매,편의점,기타 음ㆍ식료품 위주 종합 소매업
GS_CONV_0172,MA010120220808278189,GS25공항,GS25,서울특별시,강서구,공항동,공항동,서울특별시 강서구 방화대로7길 28,서울특별시 강서구 공항동 669-5,서울특별시 강서구 방화대로7길 28,126.814631391411,37.5562741091568,소매,종합 소매,편의점,체인화 편의점
GS_CONV_0173,MA010120220802905957,지에스25수명산,GS25,서울특별시,강서구,발산1동,내발산동,서울특별시 강서구 수명로1길 16,서울특별시 강서구 내발산동 753,서울특별시 강서구 수명로1길 16,126.822563615219,37.5520516115015,소매,종합 소매,편의점,체인화 편의점
GS_CONV_0174,MA010120220808338827,씨유화곡대원점,CU,서울특별시,강서구,화곡3동,화곡동,서울특별시 강서구 화곡로21길 43,서울특별시 강서구 화곡동 1036-35,서울특별시 강서구 화곡로21길 43,126.836447038784,37.5427463298766,소매,종합 소매,편의점,체인화 편의점
GS_CONV_0175,MA010120220803385569,씨유화곡동도점,CU,서울특별시,강서구,화곡본동,화곡동,서울특별시 강서구 까치산로17길 35,서울특별시 강서구 화곡동 973-1,서울특별시 강서구 까치산로17길 35,126.847863317188,37.5487892685695,소매,종합 소매,편의점,체인화 편의점
GS_CONV_0176,MA010120220803070773,지에스25발산파크점,GS25,서울특별시,강서구,가양1동,마곡동,서울특별시 강서구 공항대로 261,서울특별시 강서구 마곡동 797-4,서울특별시 강서구 공항대로 261,126.836513043521,37.5591535835773,소매,종합 소매,편의점,체인화 편의점
GS_CONV_0177,MA010120220800512171,씨유화곡곰달래점,CU,서울특별시,강서구,화곡2동,화곡동,서울특별시 강서구 곰달래로49길 15,서울특별시 강서구 화곡동 836-2,서울특별시 강서구 곰달래로49길 15,126.857660556952,37.5323492398027,소매,종합 소매,편의점,체인화 편의점
GS_CONV_0178,MA010120220806482989,웰튼,기타/미분류,서울특별시,강서구,가양1동,마곡동,서울특별시 강서구 마곡중앙5로 22,서울특별시 강서구 마곡동 759-2,서울특별시 강서구 마곡중앙5로 22,126.825300759838,37.5672464841078,소매,종합 소매,편의점,체인화 편의점
GS_CONV_0179,MA010120220800543948,재원기획주,기타/미분류,서울특별시,강서구,등촌3동,등촌동,서울특별시 강서구 공항대로 389,서울특별시 강서구 등촌동 657,서울특별시 강서구 공항대로 389,126.850902651921,37.556857070838,소매,종합 소매,편의점,체인화 편의점
GS_CONV_0180,MA010120220804936281,세븐등촌AWISH점,세븐일레븐,서울특별시,강서구,등촌3동,등촌동,서울특별시 강서구 양천로 452,서울특별시 강서구 등촌동 63-12,서울특별시 강서구 양천로 452,126.850822783756,37.5628576045027,소매,종합 소매,편의점,체인화 편의점
GS_CONV_0181,MA010120220801338523,씨유화곡이슬점,CU,서울특별시,강서구,화곡1동,화곡동,서울특별시 강서구 곰달래로24길 19,서울특별시 강서구 화곡동 898-7,서울특별시 강서구 곰달래로24길 19,126.847223114834,37.5297863670788,소매,종합 소매,편의점,체인화 편의점
GS_CONV_0182,MA010120220807013641,미니스톱한강강서1점,미니스톱,서울특별시,강서구,방화3동,방화동,서울특별시 강서구 양천로27길 280-11,서울특별시 강서구 방화동 19-2,서울특별시 강서구 양천로27길 280-11,126.820821247675,37.5849532997035,소매,종합 소매,편의점,체인화 편의점
GS_CONV_0183,MA010120220811912217,씨유등촌오피스점,CU,서울특별시,강서구,등촌1동,등촌동,서울특별시 강서구 양천로66길 21,서울특별시 강서구 등촌동 633-17,서울특별시 강서구 양천로66길 21,126.865167737729,37.5540901420518,소매,종합 소매,편의점,체인화 편의점
GS_CONV_0184,MA010120220808576227,씨유방화,CU,서울특별시,강서구,방화1동,방화동,서울특별시 강서구 방화대로45길 52,서울특별시 강서구 방화동 448-42,서울특별시 강서구 방화대로45길 52,126.813658259642,37.5743825748114,소매,종합 소매,편의점,체인화 편의점
GS_CONV_0185,MA010120220810479521,지에스25마곡,GS25,서울특별시,강서구,가양1동,마곡동,서울특별시 강서구 마곡동로 61,서울특별시 강서구 마곡동 772-8,서울특별시 강서구 마곡동로 61,126.833159685554,37.5606175160608,소매,종합 소매,편의점,체인화 편의점
GS_CONV_0186,MA010120220812305426,지에스25염창협동조합,GS25,서울특별시,강서구,염창동,염창동,서울특별시 강서구 양천로73길 80,서울특별시 강서구 염창동 293,서울특별시 강서구 양천로73길 80,126.874153425842,37.5541541210194,소매,종합 소매,편의점,체인화 편의점
GS_CONV_0187,MA010120220812115003,패밀리샵우,기타/미분류,서울특별시,강서구,화곡3동,화곡동,서울특별시 강서구 강서로45다길 39,서울특별시 강서구 화곡동 1012-9,서울특별시 강서구 강서로45다길 39,126.835002461177,37.5461591040229,소매,종합 소매,편의점,빵류; 과자류 및 당류 소매업
GS_CONV_0188,MA010120220814281137,세븐일레븐등촌,세븐일레븐,서울특별시,강서구,등촌3동,등촌동,서울특별시 강서구 강서로68길 12,서울특별시 강서구 등촌동 683,서울특별시 강서구 강서로68길 12,126.841545845715,37.5662242509882,소매,종합 소매,편의점,체인화 편의점
GS_CONV_0189,MA010120220805545666,미니스톱화곡재성점,미니스톱,서울특별시,강서구,화곡1동,화곡동,서울특별시 강서구 월정로20길 25,서울특별시 강서구 화곡동 938-2,서울특별시 강서구 월정로20길 25,126.839959825613,37.5298127878019,소매,종합 소매,편의점,체인화 편의점
GS_CONV_0190,MA010120220813477623,CU강서경찰서점,CU,서울특별시,강서구,화곡6동,화곡동,서울특별시 강서구 공항대로46길 100,서울특별시 강서구 화곡동 1117-12,서울특별시 강서구 공항대로46길 100,126.850425741405,37.5519820738422,소매,종합 소매,편의점,체인화 편의점
GS_CONV_0191,MA010120220813610074,씨유방화메아리점,CU,서울특별시,강서구,방화3동,방화동,서울특별시 강서구 금낭화로24길 29-4,서울특별시 강서구 방화동 826-1,서울특별시 강서구 금낭화로24길 29-4,126.814995325866,37.5784391472648,소매,종합 소매,편의점,체인화 편의점
GS_CONV_0192,MA010120220804864018,지에스25발산,GS25,서울특별시,강서구,가양1동,마곡동,서울특별시 강서구 마곡중앙8로 90,서울특별시 강서구 마곡동 795-2,서울특별시 강서구 마곡중앙8로 90,126.837596486922,37.5605696425996,소매,종합 소매,편의점,체인화 편의점
GS_CONV_0193,MA010120220811918568,씨유화곡,CU,서울특별시,강서구,화곡6동,화곡동,서울특별시 강서구 화곡로59길 17,서울특별시 강서구 화곡동 1098-17,서울특별시 강서구 화곡로59길 17,126.85021767586,37.5541622233356,소매,종합 소매,편의점,체인화 편의점
GS_CONV_0194,MA010120220803347316,세븐일레븐마곡에스비점,세븐일레븐,서울특별시,강서구,가양1동,마곡동,서울특별시 강서구 강서로 385,서울특별시 강서구 마곡동 794-1,서울특별시 강서구 강서로 385,126.838299258447,37.5600840693644,소매,종합 소매,편의점,체인화 편의점
GS_CONV_0195,MA010120220800484610,씨유뉴공항１호점,CU,서울특별시,강서구,공항동,공항동,서울특별시 강서구 송정로 70,서울특별시 강서구 공항동 53-15,서울특별시 강서구 송정로 70,126.809968019149,37.5609608842042,소매,종합 소매,편의점,체인화 편의점
GS_CONV_0196,MA010120220806490432,지에스25뉴마곡1,GS25,서울특별시,강서구,공항동,마곡동,서울특별시 강서구 마곡중앙1로 26,서울특별시 강서구 마곡동 798-12,서울특별시 강서구 마곡중앙1로 26,126.823860880292,37.5586308286772,소매,종합 소매,편의점,체인화 편의점
GS_CONV_0197,MA010120220803175125,지에스25강서메르디앙점,GS25,서울특별시,강서구,우장산동,내발산동,서울특별시 강서구 공항대로38길 106,서울특별시 강서구 내발산동 659-4,서울특별시 강서구 공항대로38길 106,126.84343298354,37.556901461802,소매,종합 소매,편의점,체인화 편의점
GS_CONV_0198,MA010120220809740760,지에스25S9증미역점,GS25,서울특별시,강서구,등촌1동,등촌동,서울특별시 강서구 양천로 560,서울특별시 강서구 등촌동 666-40,서울특별시 강서구 양천로 560,126.861245289511,37.5577166151959,소매,종합 소매,편의점,체인화 편의점
GS_CONV_0199,MA010120220806751979,지에스25S9가양역점,GS25,서울특별시,강서구,가양2동,가양동,서울특별시 강서구 양천로 485,서울특별시 강서구 가양동 14-61,서울특별시 강서구 양천로 485,126.854390628535,37.5615556146655,소매,종합 소매,편의점,체인화 편의점
GS_CONV_0200,MA010120220812422188,GS25화곡곰달래점,GS25,서울특별시,강서구,화곡2동,화곡동,서울특별시 강서구 곰달래로 178,서울특별시 강서구 화곡동 873-1,서울특별시 강서구 곰달래로 178,126.852662813671,37.530838439545,소매,종합 소매,편의점,체인화 편의점
GS_CONV_0201,MA010120220800508613,씨유강서한아름,CU,서울특별시,강서구,화곡4동,화곡동,서울특별시 강서구 등촌로13길 28,서울특별시 강서구 화곡동 504-141,서울특별시 강서구 등촌로13길 28,126.861738821634,37.5356157056932,소매,종합 소매,편의점,체인화 편의점
GS_CONV_0202,MA010120220800554720,씨유염창,CU,서울특별시,강서구,염창동,염창동,서울특별시 강서구 양천로 713,서울특별시 강서구 염창동 252-16,서울특별시 강서구 양천로 713,126.87524706255,37.5498395029935,소매,종합 소매,편의점,체인화 편의점
GS_CONV_0203,MA010120220813471204,이마트24강서내,이마트24,서울특별시,강서구,발산1동,내발산동,서울특별시 강서구 강서로47다길 20,서울특별시 강서구 내발산동 697-6,서울특별시 강서구 강서로47다길 20,126.834129536676,37.5519873357782,소매,종합 소매,편의점,체인화 편의점
GS_CONV_0204,MA010120220809899572,미니스톱개화산역점,미니스톱,서울특별시,강서구,방화2동,방화동,서울특별시 강서구 양천로 50,서울특별시 강서구 방화동 557-7,서울특별시 강서구 양천로 50,126.809269929159,37.572852887233,소매,종합 소매,편의점,체인화 편의점
GS_CONV_0205,MA010120220800543714,세븐마곡15단지점,세븐일레븐,서울특별시,강서구,발산1동,마곡동,서울특별시 강서구 마곡중앙로 36,서울특별시 강서구 마곡동 751,서울특별시 강서구 마곡중앙로 36,126.827349516866,37.5574376566798,소매,종합 소매,편의점,체인화 편의점
GS_CONV_0206,MA010120220804198094,GS25화곡도래점,GS25,서울특별시,강서구,화곡6동,화곡동,서울특별시 강서구 까치산로20길 11,서울특별시 강서구 화곡동 967-23,서울특별시 강서구 까치산로20길 11,126.850829118903,37.5483245336293,소매,종합 소매,편의점,체인화 편의점
GS_CONV_0207,MA010120220806401266,지에스25가양더리브점,GS25,서울특별시,강서구,등촌3동,등촌동,서울특별시 강서구 양천로 400-12,서울특별시 강서구 등촌동 849,서울특별시 강서구 양천로 400-12,126.845916769212,37.5653470611658,소매,종합 소매,편의점,체인화 편의점
GS_CONV_0208,MA010120220812888391,GS25강서타운점,GS25,서울특별시,강서구,화곡6동,화곡동,서울특별시 강서구 화곡로 346,서울특별시 강서구 화곡동 1111-2,서울특별시 강서구 화곡로 346,126.852016418294,37.5545068703024,소매,종합 소매,편의점,체인화 편의점
GS_CONV_0209,MA010120220801938660,제이케이블라썸호텔편의점,기타/미분류,서울특별시,강서구,염창동,염창동,서울특별시 강서구 양천로65길 41-22,서울특별시 강서구 염창동 20-85,서울특별시 강서구 양천로65길 41-22,126.867777228084,37.5567870741781,소매,종합 소매,편의점,체인화 편의점
GS_CONV_0210,MA010120220803707406,씨유화곡,CU,서울특별시,강서구,화곡1동,화곡동,서울특별시 강서구 강서로17길 89,서울특별시 강서구 화곡동 421-16,서울특별시 강서구 강서로17길 89,126.840791732846,37.5323006735075,소매,종합 소매,편의점,체인화 편의점
GS_CONV_0211,MA010120220804980522,씨유등촌,CU,서울특별시,강서구,등촌1동,등촌동,서울특별시 강서구 화곡로64길 86,서울특별시 강서구 등촌동 654-76,서울특별시 강서구 화곡로64길 86,126.85751441264,37.5556398792654,소매,종합 소매,편의점,체인화 편의점
GS_CONV_0212,MA010120220808697064,지에스25마곡시티점,GS25,서울특별시,강서구,가양1동,마곡동,서울특별시 강서구 마곡서로 170,서울특별시 강서구 마곡동 758,서울특별시 강서구 마곡서로 170,126.82559024482,37.5693101897552,소매,종합 소매,편의점,체인화 편의점
GS_CONV_0213,MA010120220807784410,GS25염창세빛,GS25,서울특별시,강서구,염창동,염창동,서울특별시 강서구 공항대로65길 51,서울특별시 강서구 염창동 272-21,서울특별시 강서구 공항대로65길 51,126.869938797648,37.5503203142013,소매,종합 소매,편의점,체인화 편의점
GS_CONV_0214,MA010120220806953396,지에스25가양,GS25,서울특별시,강서구,등촌1동,등촌동,서울특별시 강서구 화곡로68길 15,서울특별시 강서구 등촌동 628-7,서울특별시 강서구 화곡로68길 15,126.855322799632,37.5594484296876,소매,종합 소매,편의점,체인화 편의점
GS_CONV_0215,MA010120220812127764,씨유공항,CU,서울특별시,강서구,공항동,공항동,서울특별시 강서구 남부순환로11길 94,서울특별시 강서구 공항동 659-13,서울특별시 강서구 남부순환로11길 94,126.814899554639,37.5576710739582,소매,종합 소매,편의점,체인화 편의점
GS_CONV_0216,MA010120220813148780,세븐염창점,세븐일레븐,서울특별시,강서구,염창동,염창동,서울특별시 강서구 양천로 677,서울특별시 강서구 염창동 248-7,서울특별시 강서구 양천로 677,126.871917556435,37.5512775348353,소매,종합 소매,편의점,체인화 편의점
GS_CONV_0217,MA010120220807827367,지에스25공항,GS25,서울특별시,강서구,공항동,공항동,서울특별시 강서구 송정로4길 46,서울특별시 강서구 공항동 654,서울특별시 강서구 송정로4길 46,126.813505781715,37.5583536376546,소매,종합 소매,편의점,체인화 편의점
GS_CONV_0218,MA010120220806427888,지에스25등촌한올림점,GS25,서울특별시,강서구,등촌1동,등촌동,서울특별시 강서구 화곡로64길 2,서울특별시 강서구 등촌동 656,서울특별시 강서구 화곡로64길 2,126.853561438456,37.5572838667814,소매,종합 소매,편의점,체인화 편의점
GS_CONV_0219,MA010120220800512173,씨유뉴화곡에스점,CU,서울특별시,강서구,화곡1동,화곡동,서울특별시 강서구 강서로5나길 121,서울특별시 강서구 화곡동 934-3,서울특별시 강서구 강서로5나길 121,126.841388883912,37.5281298442187,소매,종합 소매,편의점,체인화 편의점
GS_CONV_0220,MA010120220809368273,이마트24화곡,이마트24,서울특별시,강서구,화곡3동,화곡동,서울특별시 강서구 화곡로21길 16,서울특별시 강서구 화곡동 1048-49,서울특별시 강서구 화곡로21길 16,126.836879849534,37.5414494903581,소매,종합 소매,편의점,기타 음ㆍ식료품 위주 종합 소매업
GS_CONV_0221,MA010120220812107496,지에스25,GS25,서울특별시,강서구,염창동,염창동,서울특별시 강서구 공항대로 631,서울특별시 강서구 염창동 284-84,서울특별시 강서구 공항대로 631,126.875002734507,37.5470641702738,소매,종합 소매,편의점,체인화 편의점
GS_CONV_0222,MA010120220800100802,세븐일레븐S방화역점,세븐일레븐,서울특별시,강서구,방화3동,방화동,서울특별시 강서구 금낭화로 132,서울특별시 강서구 방화동 829-15,서울특별시 강서구 금낭화로 132,126.812632877837,37.5770028423218,소매,종합 소매,편의점,체인화 편의점
GS_CONV_0223,MA010120220813151907,세븐일레븐내발산길점,세븐일레븐,서울특별시,강서구,발산1동,내발산동,서울특별시 강서구 강서로45라길 35,서울특별시 강서구 내발산동 716-24,서울특별시 강서구 강서로45라길 35,126.834101317945,37.5494014336206,소매,종합 소매,편의점,체인화 편의점
GS_CONV_0224,MA010120220806818619,씨유화곡그랜드점,CU,서울특별시,강서구,화곡3동,화곡동,서울특별시 강서구 강서로45길 49,서울특별시 강서구 화곡동 1008,서울특별시 강서구 강서로45길 49,126.833414508125,37.5478327306673,소매,종합 소매,편의점,체인화 편의점
GS_CONV_0225,MA010120220800514897,지에스25뉴마곡1,GS25,서울특별시,강서구,발산1동,마곡동,서울특별시 강서구 마곡중앙로 33,서울특별시 강서구 마곡동 750,서울특별시 강서구 마곡중앙로 33,126.824088612364,37.5580455207307,소매,종합 소매,편의점,체인화 편의점
GS_CONV_0226,MA010120220808599812,지에스25뉴내,GS25,서울특별시,강서구,발산1동,내발산동,서울특별시 강서구 강서로45나길 59,서울특별시 강서구 내발산동 718-20,서울특별시 강서구 강서로45나길 59,126.835501716856,37.5506918192881,소매,종합 소매,편의점,체인화 편의점
GS_CONV_0227,MA010120220809746413,씨유마곡미라벨점,CU,서울특별시,강서구,방화1동,마곡동,서울특별시 강서구 마곡서로 101,서울특별시 강서구 마곡동 768-2,서울특별시 강서구 마곡서로 101,126.823602352221,37.5626759135904,소매,종합 소매,편의점,체인화 편의점
GS_CONV_0228,MA010120220803279161,비지에프리테일김포공항국내선점,기타/미분류,서울특별시,강서구,공항동,공항동,서울특별시 강서구 하늘길 112,서울특별시 강서구 공항동 1373-5,서울특별시 강서구 하늘길 112,126.808473481221,37.5567508187594,소매,종합 소매,편의점,체인화 편의점
GS_CONV_0229,MA010120220809771139,지에스25S9김포공항역점,GS25,서울특별시,강서구,방화2동,방화동,서울특별시 강서구 하늘길 77,서울특별시 강서구 방화동 886,서울특별시 강서구 하늘길 77,126.801578126446,37.5621454060139,소매,종합 소매,편의점,체인화 편의점
GS_CONV_0230,MA010120220806838390,이마트24R공항대로점,이마트24,서울특별시,강서구,공항동,공항동,서울특별시 강서구 공항대로2길 64,서울특별시 강서구 공항동 62-4,서울특별시 강서구 공항대로2길 64,126.808593456315,37.5585169654859,소매,종합 소매,편의점,체인화 편의점
GS_CONV_0231,MA010120220810001608,미니스톱강서우,미니스톱,서울특별시,강서구,우장산동,내발산동,서울특별시 강서구 강서로48길 47,서울특별시 강서구 내발산동 674-3,서울특별시 강서구 강서로48길 47,126.83911914639,37.5524987980851,소매,종합 소매,편의점,체인화 편의점
GS_CONV_0232,MA010120220812842336,세븐김포공항국내선1층점,세븐일레븐,서울특별시,강서구,공항동,공항동,서울특별시 강서구 하늘길 112,서울특별시 강서구 공항동 1373-5,서울특별시 강서구 하늘길 112,126.808473481221,37.5567508187594,소매,종합 소매,편의점,체인화 편의점
GS_CONV_0233,MA010120220808368900,지에스25S9점,GS25,서울특별시,강서구,가양1동,마곡동,서울특별시 강서구 마곡중앙5로 2,서울특별시 강서구 마곡동 760-3,서울특별시 강서구 마곡중앙5로 2,126.827520356864,37.5667902403508,소매,종합 소매,편의점,체인화 편의점
GS_CONV_0234,MA010120220800462604,세븐일레븐화곡스타,세븐일레븐,서울특별시,강서구,우장산동,화곡동,서울특별시 강서구 화곡로31길 85,서울특별시 강서구 화곡동 1031-3,서울특별시 강서구 화곡로31길 85,126.838695497448,37.5442811201815,소매,종합 소매,편의점,체인화 편의점
GS_CONV_0235,MA010120220809586061,세븐등촌임광점,세븐일레븐,서울특별시,강서구,등촌2동,등촌동,서울특별시 강서구 등촌로 113,서울특별시 강서구 등촌동 562-5,서울특별시 강서구 등촌로 113,126.863461105001,37.5404470676295,소매,종합 소매,편의점,체인화 편의점
GS_CONV_0236,MA010120220812347717,이마트24마곡,이마트24,서울특별시,강서구,가양1동,마곡동,서울특별시 강서구 공항대로 247,서울특별시 강서구 마곡동 797-1,서울특별시 강서구 공항대로 247,126.835233769379,37.5593139845563,소매,종합 소매,편의점,체인화 편의점
GS_CONV_0237,MA010120220807334515,씨유발산진흥점,CU,서울특별시,강서구,발산1동,내발산동,서울특별시 강서구 강서로47길 67,서울특별시 강서구 내발산동 687-1,서울특별시 강서구 강서로47길 67,126.832407350771,37.5528949110057,소매,종합 소매,편의점,체인화 편의점
GS_CONV_0238,MA010120220804656317,신구멍가게24강서,기타/미분류,서울특별시,강서구,등촌2동,등촌동,서울특별시 강서구 등촌로39길 63-2,서울특별시 강서구 등촌동 515-2,서울특별시 강서구 등촌로39길 63-2,126.859556006451,37.54722700817,소매,종합 소매,편의점,빵류; 과자류 및 당류 소매업
GS_CONV_0239,MA010120220800543842,세븐S까치산역점주,세븐일레븐,서울특별시,강서구,화곡8동,화곡동,서울특별시 강서구 강서로 52,서울특별시 강서구 화곡동 341-65,서울특별시 강서구 강서로 52,126.846697165442,37.5324886871002,소매,종합 소매,편의점,체인화 편의점
GS_CONV_0240,MA010120220808144720,이마트24마곡파인,이마트24,서울특별시,강서구,가양1동,마곡동,서울특별시 강서구 마곡중앙8로5길 11,서울특별시 강서구 마곡동 791-5,서울특별시 강서구 마곡중앙8로5길 11,126.837095588737,37.561902426346,소매,종합 소매,편의점,체인화 편의점
GS_CONV_0241,MA010120220800057342,지에스25마곡,GS25,서울특별시,강서구,가양1동,마곡동,서울특별시 강서구 공항대로 269-15,서울특별시 강서구 마곡동 797-14,서울특별시 강서구 공항대로 269-15,126.837247704328,37.5596141065745,소매,종합 소매,편의점,체인화 편의점
GS_CONV_0242,MA010120220800481651,세븐일레븐강서,세븐일레븐,서울특별시,강서구,화곡6동,화곡동,서울특별시 강서구 공항대로46길 35,서울특별시 강서구 화곡동 1112-1,서울특별시 강서구 공항대로46길 35,126.852492413679,37.5541650870422,소매,종합 소매,편의점,체인화 편의점
GS_CONV_0243,MA010120220800491262,7-11등촌샤르망,기타/미분류,서울특별시,강서구,등촌1동,등촌동,서울특별시 강서구 공항대로45길 101,서울특별시 강서구 등촌동 628-32,서울특별시 강서구 공항대로45길 101,126.857496300812,37.5592078040213,소매,종합 소매,편의점,체인화 편의점
GS_CONV_0244,MA010120220813461692,체리레몬비,기타/미분류,서울특별시,강서구,화곡1동,화곡동,서울특별시 강서구 곰달래로 107-1,서울특별시 강서구 화곡동 344-10,서울특별시 강서구 곰달래로 107-1,126.844890871857,37.5305942275931,소매,종합 소매,편의점,빵류; 과자류 및 당류 소매업
GS_CONV_0245,MA010120220812231902,미니스톱화곡명월점,미니스톱,서울특별시,강서구,화곡1동,화곡동,서울특별시 강서구 곰달래로 104,서울특별시 강서구 화곡동 918-21,서울특별시 강서구 곰달래로 104,126.844325794188,37.5303051638865,소매,종합 소매,편의점,체인화 편의점
GS_CONV_0246,MA010120220800543839,세븐S김포공항역점주,세븐일레븐,서울특별시,강서구,방화2동,방화동,서울특별시 강서구 하늘길 77,서울특별시 강서구 방화동 886,서울특별시 강서구 하늘길 77,126.801578126446,37.5621454060139,소매,종합 소매,편의점,체인화 편의점
GS_CONV_0247,MA010120220800543844,세븐S송정역점주,세븐일레븐,서울특별시,강서구,공항동,공항동,서울특별시 강서구 공항대로 43,서울특별시 강서구 공항동 27-1,서울특별시 강서구 공항대로 43,126.812162374993,37.5615049930147,소매,종합 소매,편의점,체인화 편의점
GS_CONV_0248,MA010120220800496566,이마트24신방화점,이마트24,서울특별시,강서구,방화1동,방화동,서울특별시 강서구 양천로24길 43,서울특별시 강서구 방화동 268-6,서울특별시 강서구 양천로24길 43,126.815567531402,37.5713492241039,소매,종합 소매,편의점,체인화 편의점
GS_CONV_0249,MA010120220800425916,이마트24강서등마루점,이마트24,서울특별시,강서구,등촌2동,등촌동,서울특별시 강서구 등촌로51길 11,서울특별시 강서구 등촌동 526-1,서울특별시 강서구 등촌로51길 11,126.862619731894,37.5488253790231,소매,종합 소매,편의점,체인화 편의점
GS_CONV_0250,MA010120220800534182,지에스25마곡7단지점,GS25,서울특별시,강서구,방화1동,마곡동,서울특별시 강서구 마곡서로 133,서울특별시 강서구 마곡동 743-4,서울특별시 강서구 마곡서로 133,126.823835604042,37.564559342015,소매,종합 소매,편의점,체인화 편의점
GS_CONV_0251,MA010120220800487864,씨유화곡PMK점,CU,서울특별시,강서구,화곡1동,화곡동,서울특별시 강서구 곰달래로 77,서울특별시 강서구 화곡동 425-13,서울특별시 강서구 곰달래로 77,126.841293644424,37.5303641981403,소매,종합 소매,편의점,체인화 편의점
GS_CONV_0252,MA010120220800384924,씨유마곡DM시티점,CU,서울특별시,강서구,가양1동,마곡동,서울특별시 강서구 양천로 344,서울특별시 강서구 마곡동 776-2,서울특별시 강서구 양천로 344,126.840364332372,37.5682589078685,소매,종합 소매,편의점,체인화 편의점
GS_CONV_0253,MA010120220800295279,씨유방화꽃길점,CU,서울특별시,강서구,방화1동,방화동,서울특별시 강서구 금낭화로17길 15,서울특별시 강서구 방화동 456,서울특별시 강서구 금낭화로17길 15,126.810656415221,37.5751706725094,소매,종합 소매,편의점,체인화 편의점
GS_CONV_0254,MA010120220814216950,세븐강서화곡삼화점,세븐일레븐,서울특별시,강서구,화곡1동,화곡동,서울특별시 강서구 강서로15길 116,서울특별시 강서구 화곡동 421-24,서울특별시 강서구 강서로15길 116,126.839547717443,37.532064729811,소매,종합 소매,편의점,체인화 편의점
GS_CONV_0255,MA010120220812821758,씨유화곡,CU,서울특별시,강서구,화곡8동,화곡동,서울특별시 강서구 초록마을로22길 82,서울특별시 강서구 화곡동 409-91,서울특별시 강서구 초록마을로22길 82,126.847227841387,37.5385621138332,소매,종합 소매,편의점,체인화 편의점
GS_CONV_0256,MA010120220806679384,지에스25S9,GS25,서울특별시,강서구,공항동,공항동,서울특별시 강서구 방화동로 30,서울특별시 강서구 공항동 산 20-2,서울특별시 강서구 방화동로 30,126.810493420523,37.5635475852734,소매,종합 소매,편의점,체인화 편의점
GS_CONV_0257,MA010120220812641916,응응스크르서울,기타/미분류,서울특별시,강서구,가양3동,가양동,서울특별시 강서구 허준로 198,서울특별시 강서구 가양동 1488,서울특별시 강서구 허준로 198,126.860253974013,37.5612924014761,소매,종합 소매,편의점,체인화 편의점
GS_CONV_0258,MA010120220809804376,씨유수명산점,CU,서울특별시,강서구,발산1동,내발산동,서울특별시 강서구 강서로45길 118,서울특별시 강서구 내발산동 712,서울특별시 강서구 강서로45길 118,126.831722489373,37.55046124447,소매,종합 소매,편의점,체인화 편의점
GS_CONV_0259,MA010120220811702865,세븐일레븐내,세븐일레븐,서울특별시,강서구,발산1동,내발산동,서울특별시 강서구 강서로47라길 31,서울특별시 강서구 내발산동 696,서울특별시 강서구 강서로47라길 31,126.832591121747,37.5516878355494,소매,종합 소매,편의점,체인화 편의점
GS_CONV_0260,MA010120220806283845,지에스25강서IT밸리점,GS25,서울특별시,강서구,등촌1동,등촌동,서울특별시 강서구 화곡로68길 82,서울특별시 강서구 등촌동 638-3,서울특별시 강서구 화곡로68길 82,126.858303043076,37.5575329215128,소매,종합 소매,편의점,체인화 편의점
GS_CONV_0261,MA010120220805058776,지에스25방화초원로점,GS25,서울특별시,강서구,방화2동,방화동,서울특별시 강서구 초원로 43,서울특별시 강서구 방화동 600-2,서울특별시 강서구 초원로 43,126.810210690495,37.5679169558505,소매,종합 소매,편의점,체인화 편의점
GS_CONV_0262,MA010120220803811764,지에스25화곡,GS25,서울특별시,강서구,화곡1동,화곡동,서울특별시 강서구 강서로17길 29,서울특별시 강서구 화곡동 348-43,서울특별시 강서구 강서로17길 29,126.844230526872,37.5325935794113,소매,종합 소매,편의점,체인화 편의점
GS_CONV_0263,MA010120220803632007,GS25등촌한마음,GS25,서울특별시,강서구,등촌2동,등촌동,서울특별시 강서구 공항대로58길 32,서울특별시 강서구 등촌동 532-1,서울특별시 강서구 공항대로58길 32,126.862413123656,37.5504108947003,소매,종합 소매,편의점,체인화 편의점
GS_CONV_0264,MA010120220813120792,패밀리샵,기타/미분류,서울특별시,강서구,가양1동,가양동,서울특별시 강서구 양천로49길 23,서울특별시 강서구 가양동 184-1,서울특별시 강서구 양천로49길 23,126.840666880801,37.5697009080548,소매,종합 소매,편의점,빵류; 과자류 및 당류 소매업
GS_CONV_0265,MA010120220813562000,지에스25강서메트로칸점,GS25,서울특별시,강서구,등촌1동,등촌동,서울특별시 강서구 공항대로45가길 11,서울특별시 강서구 등촌동 656-52,서울특별시 강서구 공항대로45가길 11,126.853676992621,37.5560676645049,소매,종합 소매,편의점,체인화 편의점
GS_CONV_0266,MA010120220812527302,미니스톱화곡우정점,미니스톱,서울특별시,강서구,화곡1동,화곡동,서울특별시 강서구 월정로 88,서울특별시 강서구 화곡동 933-40,서울특별시 강서구 월정로 88,126.84014628169,37.5272632079259,소매,종합 소매,편의점,체인화 편의점
GS_CONV_0267,MA010120220811224368,씨유화곡,CU,서울특별시,강서구,화곡4동,화곡동,서울특별시 강서구 곰달래로53길 121,서울특별시 강서구 화곡동 469-30,서울특별시 강서구 곰달래로53길 121,126.856023781986,37.5362936362991,소매,종합 소매,편의점,체인화 편의점
GS_CONV_0268,MA010120220800864764,GS25화곡월정,GS25,서울특별시,강서구,화곡1동,화곡동,서울특별시 강서구 가로공원로76길 100,서울특별시 강서구 화곡동 359-54,서울특별시 강서구 가로공원로76길 100,126.838833322175,37.5328205972416,소매,종합 소매,편의점,체인화 편의점
GS_CONV_0269,MA010120220806943292,씨유화곡시원점,CU,서울특별시,강서구,화곡1동,화곡동,서울특별시 강서구 가로공원로76길 38,서울특별시 강서구 화곡동 373-5,서울특별시 강서구 가로공원로76길 38,126.83732309769,37.5353413264932,소매,종합 소매,편의점,체인화 편의점
GS_CONV_0270,MA010120220800543728,세븐등촌５호점주,세븐일레븐,서울특별시,강서구,등촌3동,등촌동,서울특별시 강서구 강서로68길 12,서울특별시 강서구 등촌동 683,서울특별시 강서구 강서로68길 12,126.841545845715,37.5662242509882,소매,종합 소매,편의점,체인화 편의점
GS_CONV_0271,MA010120220800498737,씨유공항단지점,CU,서울특별시,강서구,공항동,공항동,서울특별시 강서구 방화대로6바길 4,서울특별시 강서구 공항동 1359-9,서울특별시 강서구 방화대로6바길 4,126.819128146187,37.5547313693796,소매,종합 소매,편의점,체인화 편의점
GS_CONV_0272,MA010120220800492279,씨유화곡소비자점,CU,서울특별시,강서구,우장산동,화곡동,서울특별시 강서구 화곡로31길 53,서울특별시 강서구 화곡동 1056,서울특별시 강서구 화곡로31길 53,126.840460501175,37.5443916378181,소매,종합 소매,편의점,체인화 편의점
GS_CONV_0273,MA010120220800510394,미니스톱,미니스톱,서울특별시,강서구,화곡1동,화곡동,서울특별시 강서구 강서로7길 19,서울특별시 강서구 화곡동 902-10,서울특별시 강서구 강서로7길 19,126.84669197433,37.5294973585484,소매,종합 소매,편의점,체인화 편의점
GS_CONV_0274,MA010120220800502968,씨유강서가로공원점,CU,서울특별시,강서구,화곡1동,화곡동,서울특별시 강서구 가로공원로 216,서울특별시 강서구 화곡동 368-3,서울특별시 강서구 가로공원로 216,126.839966473811,37.5372910974722,소매,종합 소매,편의점,체인화 편의점
GS_CONV_0275,MA010120220810329245,씨유등촌,CU,서울특별시,강서구,등촌3동,등촌동,서울특별시 강서구 강서로56나길 37,서울특별시 강서구 등촌동 688,서울특별시 강서구 강서로56나길 37,126.840821043219,37.5610876016941,소매,종합 소매,편의점,체인화 편의점
GS_CONV_0276,MA010120220809542227,지에스25화곡송화점,GS25,서울특별시,강서구,화곡3동,화곡동,서울특별시 강서구 강서로45가길 11,서울특별시 강서구 화곡동 1006-7,서울특별시 강서구 강서로45가길 11,126.835633400903,37.5474123711851,소매,종합 소매,편의점,체인화 편의점
GS_CONV_0277,MA010120220810209522,GS25마곡루체점,GS25,서울특별시,강서구,가양1동,마곡동,서울특별시 강서구 마곡동로4길 23,서울특별시 강서구 마곡동 797-12,서울특별시 강서구 마곡동로4길 23,126.836206376803,37.5596487063899,소매,종합 소매,편의점,체인화 편의점
GS_CONV_0278,MA010120220813069737,집밥뚝딱,기타/미분류,서울특별시,강서구,가양1동,마곡동,서울특별시 강서구 강서로 419,서울특별시 강서구 마곡동 793,서울특별시 강서구 강서로 419,126.839209800459,37.5629775093995,소매,종합 소매,편의점,한식 일반 음식점업
GS_CONV_0279,MA010120220812950750,세븐방화삼익점,세븐일레븐,서울특별시,강서구,방화3동,방화동,서울특별시 강서구 방화대로47가길 22,서울특별시 강서구 방화동 831,서울특별시 강서구 방화대로47가길 22,126.813979775233,37.5771040816761,소매,종합 소매,편의점,체인화 편의점
GS_CONV_0280,MA010120220809961942,지에스25가양7단지,GS25,서울특별시,강서구,가양3동,가양동,서울특별시 강서구 허준로 209,서울특별시 강서구 가양동 1486,서울특별시 강서구 허준로 209,126.861588703311,37.5617354618099,소매,종합 소매,편의점,체인화 편의점
GS_CONV_0281,MA010120220808091089,씨유수명파크점,CU,서울특별시,강서구,발산1동,내발산동,서울특별시 강서구 수명로1길 110,서울특별시 강서구 내발산동 751,서울특별시 강서구 수명로1길 110,126.824714265535,37.5518566044088,소매,종합 소매,편의점,체인화 편의점
GS_CONV_0282,MA010120220803961063,이마트24화곡까치점,이마트24,서울특별시,강서구,화곡6동,화곡동,서울특별시 강서구 까치산로 161,서울특별시 강서구 화곡동 1121-20,서울특별시 강서구 까치산로 161,126.852610393332,37.5517235318148,소매,종합 소매,편의점,체인화 편의점
GS_CONV_0283,MA010120220812458435,씨유마곡엠팰리체점,CU,서울특별시,강서구,가양1동,마곡동,서울특별시 강서구 마곡동로4길 15,서울특별시 강서구 마곡동 797-10,서울특별시 강서구 마곡동로4길 15,126.835255294219,37.55981857238,소매,종합 소매,편의점,체인화 편의점
GS_CONV_0284,MA010120220803285993,지에스25강서우장점,GS25,서울특별시,강서구,화곡3동,화곡동,서울특별시 강서구 강서로45다길 21,서울특별시 강서구 화곡동 1012,서울특별시 강서구 강서로45다길 21,126.835057373023,37.5469160190909,소매,종합 소매,편의점,체인화 편의점
GS_CONV_0285,MA010120220810413483,GS25화곡베스트점,GS25,서울특별시,강서구,화곡1동,화곡동,서울특별시 강서구 월정로 112,서울특별시 강서구 화곡동 936-15,서울특별시 강서구 월정로 112,126.838988266191,37.5291627467255,소매,종합 소매,편의점,체인화 편의점
GS_CONV_0286,MA010120220814190582,씨유까치산,CU,서울특별시,강서구,화곡8동,화곡동,서울특별시 강서구 강서로12길 39,서울특별시 강서구 화곡동 392-59,서울특별시 강서구 강서로12길 39,126.849118977648,37.5321674459092,소매,종합 소매,편의점,체인화 편의점
GS_CONV_0287,MA010120220812382276,더달달,기타/미분류,서울특별시,강서구,염창동,염창동,서울특별시 강서구 공항대로65길 82,서울특별시 강서구 염창동 264-33,서울특별시 강서구 공항대로65길 82,126.871511161438,37.5506914447731,소매,종합 소매,편의점,체인화 편의점
GS_CONV_0288,MA010120220800685466,GS25화곡으뜸점,GS25,서울특별시,강서구,화곡6동,화곡동,서울특별시 강서구 우장산로 125,서울특별시 강서구 화곡동 1098-9,서울특별시 강서구 우장산로 125,126.849970505807,37.5532609124205,소매,종합 소매,편의점,체인화 편의점
GS_CONV_0289,MA010120220805604810,센테니아111호,기타/미분류,서울특별시,강서구,가양1동,마곡동,서울특별시 강서구 공항대로 219,서울특별시 강서구 마곡동 774-3,서울특별시 강서구 공항대로 219,126.832018765402,37.5596338127518,소매,종합 소매,편의점,체인화 편의점
GS_CONV_0290,MA010120220806566130,GS25가양향교점,GS25,서울특별시,강서구,가양1동,가양동,서울특별시 강서구 양천로49길 54,서울특별시 강서구 가양동 194-2,서울특별시 강서구 양천로49길 54,126.84079972251,37.5711066386185,소매,종합 소매,편의점,체인화 편의점
GS_CONV_0291,MA010120220800507712,세븐일레븐S김포공항역점,세븐일레븐,서울특별시,강서구,방화2동,방화동,서울특별시 강서구 하늘길 77,서울특별시 강서구 방화동 886,서울특별시 강서구 하늘길 77,126.801578126446,37.5621454060139,소매,종합 소매,편의점,체인화 편의점
GS_CONV_0292,MA010120220805338733,이마트24마곡,이마트24,서울특별시,강서구,가양1동,마곡동,서울특별시 강서구 마곡중앙로 161-11,서울특별시 강서구 마곡동 760-1,서울특별시 강서구 마곡중앙로 161-11,126.826725334564,37.5679513594176,소매,종합 소매,편의점,체인화 편의점
GS_CONV_0293,MA010120220800489707,지에스25화곡샤인점,GS25,서울특별시,강서구,화곡본동,화곡동,서울특별시 강서구 까치산로 69,서울특별시 강서구 화곡동 24-192,서울특별시 강서구 까치산로 69,126.846716970599,37.5449225040795,소매,종합 소매,편의점,체인화 편의점
GS_CONV_0294,MA010120220800508457,씨유등촌,CU,서울특별시,강서구,등촌1동,등촌동,서울특별시 강서구 화곡로66길 145,서울특별시 강서구 등촌동 636-21,서울특별시 강서구 화곡로66길 145,126.860989921149,37.555058374214,소매,종합 소매,편의점,체인화 편의점
GS_CONV_0295,MA010120220809809839,씨유강서오토플렉스점,CU,서울특별시,강서구,등촌3동,등촌동,서울특별시 강서구 양천로 390,서울특별시 강서구 등촌동 838,서울특별시 강서구 양천로 390,126.844953719525,37.5658053079253,소매,종합 소매,편의점,체인화 편의점
GS_CONV_0296,MA010120220812721410,GS25방화가온점,GS25,서울특별시,강서구,방화1동,방화동,서울특별시 강서구 양천로11길 14,서울특별시 강서구 방화동 485-3,서울특별시 강서구 양천로11길 14,126.810048233731,37.573944344393,소매,종합 소매,편의점,체인화 편의점
GS_CONV_0297,MA010120220806781235,지에스25강서등마루점,GS25,서울특별시,강서구,등촌1동,등촌동,서울특별시 강서구 화곡로68길 148,서울특별시 강서구 등촌동 636-60,서울특별시 강서구 화곡로68길 148,126.861531431727,37.5559870373659,소매,종합 소매,편의점,체인화 편의점
GS_CONV_0298,MA010120220814226858,세븐화곡제일점,세븐일레븐,서울특별시,강서구,화곡본동,화곡동,서울특별시 강서구 초록마을로 3,서울특별시 강서구 화곡동 70-33,서울특별시 강서구 초록마을로 3,126.845075857983,37.5450825420757,소매,종합 소매,편의점,체인화 편의점
GS_CONV_0299,MA010120220809675710,지에스25S김포공항역,GS25,서울특별시,강서구,방화2동,방화동,서울특별시 강서구 하늘길 38,서울특별시 강서구 방화동 882-1,서울특별시 강서구 하늘길 38,126.802957316013,37.5713648899321,소매,종합 소매,편의점,체인화 편의점
GS_CONV_0300,MA010120220805150804,지에스25등촌엔씨점,GS25,서울특별시,강서구,등촌3동,등촌동,서울특별시 강서구 강서로56가길 41,서울특별시 강서구 등촌동 678-2,서울특별시 강서구 강서로56가길 41,126.840039339973,37.5614379335789,소매,종합 소매,편의점,체인화 편의점
GS_CONV_0301,MA010120220813697318,지에스25피데스점,GS25,서울특별시,강서구,화곡4동,화곡동,서울특별시 강서구 곰달래로59길 16,서울특별시 강서구 화곡동 776-1,서울특별시 강서구 곰달래로59길 16,126.863135091672,37.5330945315887,소매,종합 소매,편의점,체인화 편의점
GS_CONV_0302,MA010120220813289749,지에스25염창현대점,GS25,서울특별시,강서구,염창동,염창동,서울특별시 강서구 양천로75길 50,서울특별시 강서구 염창동 113-9,서울특별시 강서구 양천로75길 50,126.875673705797,37.5518762080024,소매,종합 소매,편의점,체인화 편의점
GS_CONV_0303,MA010120220800543841,세븐S우장산역점주,세븐일레븐,서울특별시,강서구,발산1동,내발산동,서울특별시 강서구 강서로 261,서울특별시 강서구 내발산동 723,서울특별시 강서구 강서로 261,126.83595769707,37.5491787778029,소매,종합 소매,편의점,체인화 편의점
GS_CONV_0304,MA010120220813424095,지에스25화곡,GS25,서울특별시,강서구,화곡8동,화곡동,서울특별시 강서구 초록마을로 148,서울특별시 강서구 화곡동 409-203,서울특별시 강서구 초록마을로 148,126.848215840111,37.5367794087678,소매,종합 소매,편의점,체인화 편의점
GS_CONV_0305,MA010120220808321772,세븐마곡호서대기숙사점,세븐일레븐,서울특별시,강서구,가양1동,마곡동,서울특별시 강서구 강서로 399,서울특별시 강서구 마곡동 793-8,서울특별시 강서구 강서로 399,126.838670148952,37.5612919112693,소매,종합 소매,편의점,체인화 편의점
GS_CONV_0306,MA010120220807430121,지에스25강서,GS25,서울특별시,강서구,화곡8동,화곡동,서울특별시 강서구 강서로16길 22,서울특별시 강서구 화곡동 341-31,서울특별시 강서구 강서로16길 22,126.847533636536,37.5328591800899,소매,종합 소매,편의점,체인화 편의점
GS_CONV_0307,MA010120220806777811,씨유화곡,CU,서울특별시,강서구,화곡6동,화곡동,서울특별시 강서구 공항대로46길 57,서울특별시 강서구 화곡동 1115-8,서울특별시 강서구 공항대로46길 57,126.852018395839,37.5535067660161,소매,종합 소매,편의점,체인화 편의점
GS_CONV_0308,MA010120220800497045,씨유화곡일등점,CU,서울특별시,강서구,우장산동,화곡동,서울특별시 강서구 화곡로27가길 2,서울특별시 강서구 화곡동 1063,서울특별시 강서구 화곡로27가길 2,126.840781879769,37.5422567049134,소매,종합 소매,편의점,체인화 편의점
GS_CONV_0309,MA010120220813213972,씨유염창세계로점,CU,서울특별시,강서구,염창동,염창동,서울특별시 강서구 양천로69길 58,서울특별시 강서구 염창동 292,서울특별시 강서구 양천로69길 58,126.872963232524,37.5552700829835,소매,종합 소매,편의점,체인화 편의점
GS_CONV_0310,MA010120220807006048,비지에프리테일이대서울,기타/미분류,서울특별시,강서구,발산1동,마곡동,서울특별시 강서구 공항대로 260,서울특별시 강서구 마곡동 808,서울특별시 강서구 공항대로 260,126.836268171256,37.5572701620535,소매,종합 소매,편의점,체인화 편의점
GS_CONV_0311,MA0101202301A0083603,씨유화곡,CU,서울특별시,강서구,화곡8동,화곡동,서울특별시 강서구 강서로18다길 8,서울특별시 강서구 화곡동 398-19,서울특별시 강서구 강서로18다길 8,126.847790395037,37.5345624015632,소매,종합 소매,편의점,체인화 편의점
GS_CONV_0312,MA0101202301A0061600,지에스25공항,GS25,서울특별시,강서구,공항동,공항동,서울특별시 강서구 방화대로6라길 26,서울특별시 강서구 공항동 1349,서울특별시 강서구 방화대로6라길 26,126.818513588485,37.5561449908235,소매,종합 소매,편의점,체인화 편의점
GS_CONV_0313,MA0101202301A0040066,세븐일레븐마곡호서대기숙사점,세븐일레븐,서울특별시,강서구,가양1동,마곡동,서울특별시 강서구 강서로 399,서울특별시 강서구 마곡동 793-8,서울특별시 강서구 강서로 399,126.838670148952,37.5612919112693,소매,종합 소매,편의점,체인화 편의점
GS_CONV_0314,MA0101202301A0051371,씨유가양시크릿점,CU,서울특별시,강서구,가양1동,가양동,서울특별시 강서구 강서로 506,서울특별시 강서구 가양동 1458,서울특별시 강서구 강서로 506,126.842102339545,37.5707029405637,소매,종합 소매,편의점,체인화 편의점
GS_CONV_0315,MA0101202211A0020928,세븐일레븐김포공항버스정류장점,세븐일레븐,서울특별시,강서구,공항동,공항동,서울특별시 강서구 하늘길 112,서울특별시 강서구 공항동 1373-5,서울특별시 강서구 하늘길 112,126.808473481221,37.5567508187594,소매,종합 소매,편의점,체인화 편의점
GS_CONV_0316,MA0101202211A0012712,세븐마곡벽산점,세븐일레븐,서울특별시,강서구,가양1동,마곡동,서울특별시 강서구 양천로47길 118,서울특별시 강서구 마곡동 429,서울특별시 강서구 양천로47길 118,126.836850574939,37.575642256592,소매,종합 소매,편의점,체인화 편의점
GS_CONV_0317,MA0101202211A0035399,지에스25화곡풍년,GS25,서울특별시,강서구,화곡1동,화곡동,서울특별시 강서구 곰달래로 61,서울특별시 강서구 화곡동 357-19,서울특별시 강서구 곰달래로 61,126.839596850841,37.5302537856688,소매,종합 소매,편의점,체인화 편의점
GS_CONV_0318,MA0101202210A0082541,세븐일레븐발산W,세븐일레븐,서울특별시,강서구,발산1동,마곡동,서울특별시 강서구 공항대로 222,서울특별시 강서구 마곡동 800-4,서울특별시 강서구 공항대로 222,126.832179378533,37.5586699753545,소매,종합 소매,편의점,체인화 편의점
GS_CONV_0319,MA0101202210A0084958,세븐가양9단지점,세븐일레븐,서울특별시,강서구,가양3동,가양동,서울특별시 강서구 허준로 234,서울특별시 강서구 가양동 1490,서울특별시 강서구 허준로 234,126.863371477098,37.5585570215391,소매,종합 소매,편의점,체인화 편의점
GS_CONV_0320,MA0101202210A0044801,세븐김포공항버스정류장점,세븐일레븐,서울특별시,강서구,공항동,공항동,서울특별시 강서구 하늘길 112,서울특별시 강서구 공항동 1373-5,서울특별시 강서구 하늘길 112,126.808473481221,37.5567508187594,소매,종합 소매,편의점,체인화 편의점
GS_CONV_0321,MA0101202210A0099224,온기,기타/미분류,서울특별시,강서구,염창동,염창동,서울특별시 강서구 양천로 660,서울특별시 강서구 염창동 265-3,서울특별시 강서구 양천로 660,126.870105402714,37.5521315029534,소매,종합 소매,편의점,체인화 편의점
GS_CONV_0322,MA0101202301A0087008,비지에프리테일김포국제,기타/미분류,서울특별시,강서구,방화2동,방화동,서울특별시 강서구 하늘길 38,서울특별시 강서구 방화동 882-1,서울특별시 강서구 하늘길 38,126.802957316013,37.5713648899321,소매,종합 소매,편의점,체인화 편의점
GS_CONV_0323,MA0101202301A0084064,씨유마곡사이언,CU,서울특별시,강서구,가양1동,마곡동,서울특별시 강서구 마곡중앙6로 42,서울특별시 강서구 마곡동 774-9,서울특별시 강서구 마곡중앙6로 42,126.832085601289,37.5601114356851,소매,종합 소매,편의점,체인화 편의점
GS_CONV_0324,MA0101202301A0105603,지에스25등촌스타,GS25,서울특별시,강서구,등촌2동,등촌동,서울특별시 강서구 등촌로39길 6,서울특별시 강서구 등촌동 512-7,서울특별시 강서구 등촌로39길 6,126.862014614027,37.5455900898102,소매,종합 소매,편의점,체인화 편의점
GS_CONV_0325,MA0101202211A0069058,세븐마곡이너매스점,세븐일레븐,서울특별시,강서구,가양1동,마곡동,서울특별시 강서구 마곡중앙6로 21,서울특별시 강서구 마곡동 771-4,서울특별시 강서구 마곡중앙6로 21,126.82961663774,37.5608286951995,소매,종합 소매,편의점,체인화 편의점
GS_CONV_0326,MA0101202211A0059314,세븐일레븐화곡자하클래식점,세븐일레븐,서울특별시,강서구,화곡본동,화곡동,서울특별시 강서구 화곡로 262,서울특별시 강서구 화곡동 24-39,서울특별시 강서구 화곡로 262,126.846880329798,37.5480401697264,소매,종합 소매,편의점,체인화 편의점
GS_CONV_0327,MA0101202211A0001989,이마트24강서화곡,이마트24,서울특별시,강서구,화곡2동,화곡동,서울특별시 강서구 등촌로13바길 98,서울특별시 강서구 화곡동 457-47,서울특별시 강서구 등촌로13바길 98,126.855020410618,37.5344273388177,소매,종합 소매,편의점,체인화 편의점
GS_CONV_0328,MA0101202211A0027113,지에스25등촌월드점,GS25,서울특별시,강서구,등촌3동,등촌동,서울특별시 강서구 공항대로39길 74,서울특별시 강서구 등촌동 695,서울특별시 강서구 공항대로39길 74,126.844635015408,37.5612098116286,소매,종합 소매,편의점,체인화 편의점
GS_CONV_0329,MA0101202212A0070783,세븐강서등촌역점,세븐일레븐,서울특별시,강서구,등촌2동,등촌동,서울특별시 강서구 등촌로 229,서울특별시 강서구 등촌동 507-1,서울특별시 강서구 등촌로 229,126.863454590685,37.5502228941175,소매,종합 소매,편의점,체인화 편의점
GS_CONV_0330,MA0101202212A0063744,지에스25신월초교점,GS25,서울특별시,강서구,화곡1동,화곡동,서울특별시 강서구 화곡로24길 14,서울특별시 강서구 화곡동 1081-7,서울특별시 강서구 화곡로24길 14,126.838206197536,37.5403070464086,소매,종합 소매,편의점,체인화 편의점
GS_CONV_0331,MA0101202212A0039535,씨유등촌디앤써밋점,CU,서울특별시,강서구,등촌1동,등촌동,서울특별시 강서구 공항대로 521,서울특별시 강서구 등촌동 648-10,서울특별시 강서구 공항대로 521,126.864459345685,37.5515575283193,소매,종합 소매,편의점,체인화 편의점
GS_CONV_0332,MA0101202212A0024427,씨유공항타운점,CU,서울특별시,강서구,공항동,공항동,서울특별시 강서구 방화대로7길 51,서울특별시 강서구 공항동 683-1,서울특별시 강서구 방화대로7길 51,126.813353334102,37.5559477370553,소매,종합 소매,편의점,체인화 편의점
GS_CONV_0333,MA0101202210A0011623,씨유마곡필굿점,CU,서울특별시,강서구,가양1동,마곡동,서울특별시 강서구 마곡중앙8로 86,서울특별시 강서구 마곡동 795-1,서울특별시 강서구 마곡중앙8로 86,126.836928603278,37.5606227817754,소매,종합 소매,편의점,체인화 편의점
GS_CONV_0334,MA0101202209A0067178,세븐화곡자하클래식점,세븐일레븐,서울특별시,강서구,화곡본동,화곡동,서울특별시 강서구 화곡로 262,서울특별시 강서구 화곡동 24-39,서울특별시 강서구 화곡로 262,126.846880329798,37.5480401697264,소매,종합 소매,편의점,체인화 편의점
GS_CONV_0335,MA0101202210A0002983,세븐일레븐항공지원,세븐일레븐,서울특별시,강서구,공항동,과해동,서울특별시 강서구 하늘길 70,서울특별시 강서구 과해동 676,서울특별시 강서구 하늘길 70,126.796372110695,37.5619923826847,소매,종합 소매,편의점,체인화 편의점
GS_CONV_0336,MA0101202209A0074548,세븐항공지원센터점,세븐일레븐,서울특별시,강서구,공항동,과해동,서울특별시 강서구 하늘길 70,서울특별시 강서구 과해동 676,서울특별시 강서구 하늘길 70,126.796372110695,37.5619923826847,소매,종합 소매,편의점,체인화 편의점
GS_CONV_0337,MA0101202209A0056411,세븐염창래미안점,세븐일레븐,서울특별시,강서구,염창동,염창동,서울특별시 강서구 양천로 646-32,서울특별시 강서구 염창동 271-13,서울특별시 강서구 양천로 646-32,126.867921275317,37.5521200700322,소매,종합 소매,편의점,체인화 편의점
GS_CONV_0338,MA0101202209A0054205,씨유마곡아르디에점,CU,서울특별시,강서구,가양1동,마곡동,서울특별시 강서구 강서로 423,서울특별시 강서구 마곡동 784-13,서울특별시 강서구 강서로 423,126.839355798613,37.5635092955077,소매,종합 소매,편의점,체인화 편의점
GS_CONV_0339,MA0101202306A0030289,씨유마곡더랜드점,CU,서울특별시,강서구,가양1동,마곡동,서울특별시 강서구 마곡중앙로 161-8,서울특별시 강서구 마곡동 757,서울특별시 강서구 마곡중앙로 161-8,126.827289733105,37.5686279324009,소매,종합 소매,편의점,체인화 편의점
GS_CONV_0340,MA0101202306A0000422,세븐일레븐등촌청림점,세븐일레븐,서울특별시,강서구,등촌1동,등촌동,서울특별시 강서구 공항대로45길 44,서울특별시 강서구 등촌동 641-11,서울특별시 강서구 공항대로45길 44,126.855803238953,37.5568090976981,소매,종합 소매,편의점,체인화 편의점
GS_CONV_0341,MA0101202306A0018180,세븐등촌청림점,세븐일레븐,서울특별시,강서구,등촌1동,등촌동,서울특별시 강서구 공항대로45길 44,서울특별시 강서구 등촌동 641-11,서울특별시 강서구 공항대로45길 44,126.855803238953,37.5568090976981,소매,종합 소매,편의점,체인화 편의점
GS_CONV_0342,MA0101202306A0035555,코리아세븐강서,세븐일레븐,서울특별시,강서구,화곡1동,화곡동,서울특별시 강서구 곰달래로 111,서울특별시 강서구 화곡동 344-12,서울특별시 강서구 곰달래로 111,126.845275457711,37.5306307720979,소매,종합 소매,편의점,체인화 편의점
GS_CONV_0343,MA0101202306A0032690,지에스25S9신방화역점,GS25,서울특별시,강서구,방화1동,방화동,서울특별시 강서구 방화대로 301,서울특별시 강서구 방화동 217-156,서울특별시 강서구 방화대로 301,126.816527380019,37.5676836729513,소매,종합 소매,편의점,체인화 편의점
GS_CONV_0344,MA0101202305A0162094,씨유강서,CU,서울특별시,강서구,화곡8동,화곡동,서울특별시 강서구 초록마을로 129,서울특별시 강서구 화곡동 152-6,서울특별시 강서구 초록마을로 129,126.849980103998,37.537178103049,소매,종합 소매,편의점,체인화 편의점
GS_CONV_0345,MA0101202303A0100676,세븐마곡열린점,세븐일레븐,서울특별시,강서구,발산1동,마곡동,서울특별시 강서구 공항대로 242,서울특별시 강서구 마곡동 801-1,서울특별시 강서구 공항대로 242,126.834330174788,37.5584838036659,소매,종합 소매,편의점,체인화 편의점
GS_CONV_0346,MA0101202303A0071467,지에스25화곡달빛점,GS25,서울특별시,강서구,화곡1동,화곡동,서울특별시 강서구 곰달래로16길 29,서울특별시 강서구 화곡동 928-35,서울특별시 강서구 곰달래로16길 29,126.840380668426,37.5287591864847,소매,종합 소매,편의점,체인화 편의점
GS_CONV_0347,MA0101202306A0091974,편의누리,기타/미분류,서울특별시,강서구,가양2동,가양동,서울특별시 강서구 양천로 461,서울특별시 강서구 가양동 1480-8,서울특별시 강서구 양천로 461,126.852225893961,37.5630485781322,소매,종합 소매,편의점,체인화 편의점
GS_CONV_0348,MA0101202306A0066124,이마트24편의점,이마트24,서울특별시,강서구,화곡6동,화곡동,서울특별시 강서구 우장산로 104,서울특별시 강서구 화곡동 993-1,서울특별시 강서구 우장산로 104,126.847560212378,37.5531497055623,소매,종합 소매,편의점,체인화 편의점
GS_CONV_0349,MA0101202306A0048111,씨유등촌보보카운티점,CU,서울특별시,강서구,등촌1동,등촌동,서울특별시 강서구 공항대로 509,서울특별시 강서구 등촌동 649-14,서울특별시 강서구 공항대로 509,126.863236103189,37.5521237462609,소매,종합 소매,편의점,체인화 편의점
GS_CONV_0350,MA0101202306A0082561,봉봉24등촌,기타/미분류,서울특별시,강서구,등촌2동,등촌동,서울특별시 강서구 등촌로39길 13,서울특별시 강서구 등촌동 514-1,서울특별시 강서구 등촌로39길 13,126.861494203341,37.5455264106465,소매,종합 소매,편의점,체인화 편의점
GS_CONV_0351,MA0101202306A0037064,세븐발산본점,세븐일레븐,서울특별시,강서구,등촌3동,등촌동,서울특별시 강서구 강서로 378,서울특별시 강서구 등촌동 674-1,서울특별시 강서구 강서로 378,126.838844307398,37.5592558981978,소매,종합 소매,편의점,체인화 편의점
GS_CONV_0352,MA0101202307A0044751,지에스25마곡엘리안점,GS25,서울특별시,강서구,가양1동,마곡동,서울특별시 강서구 강서로 409,서울특별시 강서구 마곡동 793-4,서울특별시 강서구 강서로 409,126.838951222104,37.5621662608922,소매,종합 소매,편의점,체인화 편의점
GS_CONV_0353,MA0101202303A0021715,씨유이대서울장례식장점,CU,서울특별시,강서구,발산1동,마곡동,서울특별시 강서구 공항대로 260,서울특별시 강서구 마곡동 808,서울특별시 강서구 공항대로 260,126.836268171256,37.5572701620535,소매,종합 소매,편의점,체인화 편의점
GS_CONV_0354,MA0101202305A0110082,지에스25신월,GS25,서울특별시,강서구,화곡3동,화곡동,서울특별시 강서구 화곡로13나길 1,서울특별시 강서구 화곡동 1041-35,서울특별시 강서구 화곡로13나길 1,126.833235280372,37.541930939015,소매,종합 소매,편의점,체인화 편의점
GS_CONV_0355,MA0101202305A0157701,세븐화곡하늘점,세븐일레븐,서울특별시,강서구,화곡6동,화곡동,서울특별시 강서구 까치산로18라길 6,서울특별시 강서구 화곡동 42-48,서울특별시 강서구 까치산로18라길 6,126.851657934842,37.5469470507418,소매,종합 소매,편의점,체인화 편의점
GS_CONV_0356,MA0101202305A0092808,세븐강서등촌카페점,세븐일레븐,서울특별시,강서구,등촌3동,등촌동,서울특별시 강서구 화곡로63가길 26,서울특별시 강서구 등촌동 705-1,서울특별시 강서구 화곡로63가길 26,126.847954222751,37.5597455092055,소매,종합 소매,편의점,체인화 편의점
GS_CONV_0357,MA0101202303A0008988,씨유화곡,CU,서울특별시,강서구,화곡3동,화곡동,서울특별시 강서구 화곡로13길 107,서울특별시 강서구 화곡동 1091,서울특별시 강서구 화곡로13길 107,126.832238942462,37.5472454177479,소매,종합 소매,편의점,체인화 편의점
GS_CONV_0358,MA0101202303A0023279,세븐일레븐등촌예다인점,세븐일레븐,서울특별시,강서구,등촌3동,등촌동,서울특별시 강서구 양천로 452,서울특별시 강서구 등촌동 63-12,서울특별시 강서구 양천로 452,126.850822783756,37.5628576045027,소매,종합 소매,편의점,체인화 편의점
GS_CONV_0359,MA0101202302A0108953,세븐일레븐화곡까치산로점,세븐일레븐,서울특별시,강서구,화곡본동,화곡동,서울특별시 강서구 까치산로 29,서울특별시 강서구 화곡동 98-150,서울특별시 강서구 까치산로 29,126.843564972681,37.5424856743029,소매,종합 소매,편의점,체인화 편의점
GS_CONV_0360,MA0101202310A0093505,세븐비즈메트로점,세븐일레븐,서울특별시,강서구,가양3동,가양동,서울특별시 강서구 양천로 551-17,서울특별시 강서구 가양동 449-4,서울특별시 강서구 양천로 551-17,126.860937117698,37.559112797212,소매,종합 소매,편의점,체인화 편의점
GS_CONV_0361,MA0101202310A0062379,세븐마곡6단지점,세븐일레븐,서울특별시,강서구,방화1동,마곡동,서울특별시 강서구 마곡서1로 100,서울특별시 강서구 마곡동 743,서울특별시 강서구 마곡서1로 100,126.820281566739,37.5645449754816,소매,종합 소매,편의점,체인화 편의점
GS_CONV_0362,MA0101202311A0078497,이마트24마곡W,이마트24,서울특별시,강서구,발산1동,마곡동,서울특별시 강서구 마곡중앙2로 11,서울특별시 강서구 마곡동 799-16,서울특별시 강서구 마곡중앙2로 11,126.828060744338,37.5582135513022,소매,종합 소매,편의점,체인화 편의점
GS_CONV_0363,MA0101202310A0043459,지에스25공항하늘점,GS25,서울특별시,강서구,공항동,공항동,서울특별시 강서구 방화대로21나길 34,서울특별시 강서구 공항동 18-9,서울특별시 강서구 방화대로21나길 34,126.812382886961,37.5638389214283,소매,종합 소매,편의점,체인화 편의점
GS_CONV_0364,MA0101202310A0046399,지에스25방화,GS25,서울특별시,강서구,방화1동,방화동,서울특별시 강서구 양천로 77,서울특별시 강서구 방화동 450-1,서울특별시 강서구 양천로 77,126.812426081847,37.5736958683189,소매,종합 소매,편의점,체인화 편의점
GS_CONV_0365,MA0101202307A0060056,지에스25화곡호호,GS25,서울특별시,강서구,우장산동,화곡동,서울특별시 강서구 화곡로 197,서울특별시 강서구 화곡동 1060-6,서울특별시 강서구 화곡로 197,126.842691779977,37.5433945229732,소매,종합 소매,편의점,체인화 편의점
GS_CONV_0366,MA0101202309A0038330,지에스25강서희망타운점,GS25,서울특별시,강서구,화곡6동,화곡동,서울특별시 강서구 화곡로56길 33,서울특별시 강서구 화곡동 1118-18,서울특별시 강서구 화곡로56길 33,126.851830038048,37.5514702758654,소매,종합 소매,편의점,체인화 편의점
GS_CONV_0367,MA0101202309A0054590,포커스편의점,기타/미분류,서울특별시,강서구,발산1동,마곡동,서울특별시 강서구 마곡중앙4로 22,서울특별시 강서구 마곡동 799-11,서울특별시 강서구 마곡중앙4로 22,126.829294641244,37.5580982122225,소매,종합 소매,편의점,체인화 편의점
GS_CONV_0368,MA0101202309A0078655,지에스25마곡,GS25,서울특별시,강서구,가양1동,마곡동,서울특별시 강서구 강서로 455,서울특별시 강서구 마곡동 784-2,서울특별시 강서구 강서로 455,126.840346309165,37.566096495631,소매,종합 소매,편의점,체인화 편의점
GS_CONV_0369,MA0101202308A0055426,씨유개화점,CU,서울특별시,강서구,방화3동,방화동,서울특별시 강서구 금낭화로 167,서울특별시 강서구 방화동 819,서울특별시 강서구 금낭화로 167,126.813381504623,37.5809503766691,소매,종합 소매,편의점,체인화 편의점
GS_CONV_0370,MA0101202308A0104839,세븐일레븐강서,세븐일레븐,서울특별시,강서구,화곡1동,화곡동,서울특별시 강서구 곰달래로 111,서울특별시 강서구 화곡동 344-12,서울특별시 강서구 곰달래로 111,126.845275457711,37.5306307720979,소매,종합 소매,편의점,체인화 편의점
GS_CONV_0371,MA0101202308A0059515,씨유M김포공항역,CU,서울특별시,강서구,방화2동,방화동,서울특별시 강서구 하늘길 77,서울특별시 강서구 방화동 886,서울특별시 강서구 하늘길 77,126.802382319376,37.5619215060045,소매,종합 소매,편의점,체인화 편의점
GS_CONV_0372,MA0101202308A0004601,지에스25강서,GS25,서울특별시,강서구,가양1동,마곡동,서울특별시 강서구 마곡중앙로 165,서울특별시 강서구 마곡동 757-5,서울특별시 강서구 마곡중앙로 165,126.827697330902,37.5685834782548,소매,종합 소매,편의점,체인화 편의점
GS_CONV_0373,MA0101202308A0030775,지에스리테일김포공항격납고,기타/미분류,서울특별시,강서구,공항동,오곡동,서울특별시 강서구 하늘길 84,서울특별시 강서구 오곡동 1,서울특별시 강서구 하늘길 84,126.793771307251,37.5529058304923,소매,종합 소매,편의점,체인화 편의점
GS_CONV_0374,MA0101202311A0002240,지에스25강서트레벨,GS25,서울특별시,강서구,가양2동,가양동,서울특별시 강서구 양천로57길 9-19,서울특별시 강서구 가양동 1479-8,서울특별시 강서구 양천로57길 9-19,126.850934334306,37.5636776514459,소매,종합 소매,편의점,체인화 편의점
GS_CONV_0375,MA0101202406A0095305,지에스25개화동점,GS25,서울특별시,강서구,방화2동,개화동,서울특별시 강서구 개화동로9길 7,서울특별시 강서구 개화동 450-27,서울특별시 강서구 개화동로9길 7,126.80033334375,37.5790189234273,소매,종합 소매,편의점,체인화 편의점
GS_CONV_0376,MA0101202406A0051307,세븐일레븐화곡,세븐일레븐,서울특별시,강서구,화곡1동,화곡동,서울특별시 강서구 강서로31길 10,서울특별시 강서구 화곡동 1075-49,서울특별시 강서구 강서로31길 10,126.840593624758,37.5403283132817,소매,종합 소매,편의점,체인화 편의점
GS_CONV_0377,MA0101202309A0045958,세븐일레븐강서등촌카페점,세븐일레븐,서울특별시,강서구,등촌3동,등촌동,서울특별시 강서구 화곡로63가길 26,서울특별시 강서구 등촌동 705-1,서울특별시 강서구 화곡로63가길 26,126.847954222751,37.5597455092055,소매,종합 소매,편의점,체인화 편의점
GS_CONV_0378,MA0101202309A0032273,씨유방화,CU,서울특별시,강서구,방화3동,방화동,서울특별시 강서구 방화대로52길 40,서울특별시 강서구 방화동 141,서울특별시 강서구 방화대로52길 40,126.819026845734,37.5778957909211,소매,종합 소매,편의점,체인화 편의점
GS_CONV_0379,MA0101202311A0009733,씨유강서,CU,서울특별시,강서구,화곡1동,화곡동,서울특별시 강서구 월정로 102,서울특별시 강서구 화곡동 935-19,서울특별시 강서구 월정로 102,126.839544355806,37.5283526028301,소매,종합 소매,편의점,체인화 편의점
GS_CONV_0380,MA0101202311A0056168,지에스25발산,GS25,서울특별시,강서구,우장산동,내발산동,서울특별시 강서구 강서로50길 16,서울특별시 강서구 내발산동 665,서울특별시 강서구 강서로50길 16,126.838140168862,37.5551463912078,소매,종합 소매,편의점,체인화 편의점
GS_CONV_0381,MA0101202310A0090943,세븐화곡공원점,세븐일레븐,서울특별시,강서구,화곡본동,화곡동,서울특별시 강서구 까치산로4길 34,서울특별시 강서구 화곡동 98-253,서울특별시 강서구 까치산로4길 34,126.844936572647,37.5413071748601,소매,종합 소매,편의점,체인화 편의점
GS_CONV_0382,MA0101202306A0048226,새숲,기타/미분류,서울특별시,강서구,등촌1동,등촌동,서울특별시 강서구 화곡로66길 168,서울특별시 강서구 등촌동 645-14,서울특별시 강서구 화곡로66길 168,126.86182889435,37.5542484616004,소매,종합 소매,편의점,체인화 편의점
GS_CONV_0383,MA0101202308A0098899,세븐화곡까치점,세븐일레븐,서울특별시,강서구,화곡본동,화곡동,서울특별시 강서구 까치산로2길 3,서울특별시 강서구 화곡동 105-82,서울특별시 강서구 까치산로2길 3,126.842459254967,37.5409705262423,소매,종합 소매,편의점,체인화 편의점
GS_CONV_0384,MA0101202308A0071293,지에스25방화한숲,GS25,서울특별시,강서구,방화3동,방화동,서울특별시 강서구 방화대로50길 17,서울특별시 강서구 방화동 132-12,서울특별시 강서구 방화대로50길 17,126.817965597494,37.5767048482808,소매,종합 소매,편의점,체인화 편의점
GS_CONV_0385,MA0101202308A0055829,세븐일레븐마곡W타워,세븐일레븐,서울특별시,강서구,발산1동,마곡동,서울특별시 강서구 마곡중앙1로 14,서울특별시 강서구 마곡동 798-16,서울특별시 강서구 마곡중앙1로 14,126.825208030993,37.5584886713463,소매,종합 소매,편의점,체인화 편의점
GS_CONV_0386,MA0101202307A0022103,지에스25마곡10단지,GS25,서울특별시,강서구,공항동,마곡동,서울특별시 강서구 마곡중앙1로 72,서울특별시 강서구 마곡동 747,서울특별시 강서구 마곡중앙1로 72,126.819887565052,37.5589491928398,소매,종합 소매,편의점,체인화 편의점
GS_CONV_0387,MA0101202307A0070901,씨유마곡1,CU,서울특별시,강서구,공항동,마곡동,서울특별시 강서구 마곡중앙1로 71,서울특별시 강서구 마곡동 748,서울특별시 강서구 마곡중앙1로 71,126.817877973046,37.5569008490056,소매,종합 소매,편의점,체인화 편의점
GS_CONV_0388,MA0101202406A0036394,지에스25S점,GS25,서울특별시,강서구,방화1동,마곡동,서울특별시 강서구 마곡중앙로 135,서울특별시 강서구 마곡동 373-14,서울특별시 강서구 마곡중앙로 135,126.827624449374,37.5658263278074,소매,종합 소매,편의점,체인화 편의점
GS_CONV_0389,MA0101202406A0402564,지에스25등촌,GS25,서울특별시,강서구,등촌1동,등촌동,서울특별시 강서구 공항대로59길 80-6,서울특별시 강서구 등촌동 634,서울특별시 강서구 공항대로59길 80-6,126.863570269324,37.5550523739591,소매,종합 소매,편의점,기타 음ㆍ식료품 위주 종합 소매업
GS_CONV_0390,MA0101202406A0381306,씨유염창동아점,CU,서울특별시,강서구,염창동,염창동,서울특별시 강서구 양천로 731,서울특별시 강서구 염창동 258-1,서울특별시 강서구 양천로 731,126.87739652615,37.5502472034651,소매,종합 소매,편의점,체인화 편의점
GS_CONV_0391,MA0101202406A0306222,이마트24마곡골든점,이마트24,서울특별시,강서구,가양1동,마곡동,서울특별시 강서구 마곡중앙6로 89,서울특별시 강서구 마곡동 795-6,서울특별시 강서구 마곡중앙6로 89,126.837291761266,37.5601727848312,소매,종합 소매,편의점,체인화 편의점
GS_CONV_0392,MA0101202406A0530786,협동조합모음,기타/미분류,서울특별시,강서구,화곡1동,화곡동,서울특별시 강서구 월정로32길 71,서울특별시 강서구 화곡동 371-7,서울특별시 강서구 월정로32길 71,126.839097421946,37.5362807970448,소매,종합 소매,편의점,체인화 편의점
GS_CONV_0393,MA0101202406A0273406,씨유화곡혜인점,CU,서울특별시,강서구,화곡3동,화곡동,서울특별시 강서구 화곡로13길 98,서울특별시 강서구 화곡동 1017,서울특별시 강서구 화곡로13길 98,126.833128282208,37.5442463541153,소매,종합 소매,편의점,체인화 편의점
GS_CONV_0394,MA0101202406A0140851,세븐일레븐비즈메트로점,세븐일레븐,서울특별시,강서구,가양3동,가양동,서울특별시 강서구 양천로 551-17,서울특별시 강서구 가양동 449-4,서울특별시 강서구 양천로 551-17,126.860937117698,37.559112797212,소매,종합 소매,편의점,섬유; 의복; 신발 및 가죽제품 중개업
GS_CONV_0395,MA0101202406A0323015,지에스25화곡,GS25,서울특별시,강서구,등촌2동,등촌동,서울특별시 강서구 등촌로35길 164,서울특별시 강서구 등촌동 567-16,서울특별시 강서구 등촌로35길 164,126.862609709095,37.535787912093,소매,종합 소매,편의점,체인화 편의점
GS_CONV_0396,MA0101202406A0166323,씨유곰달래,CU,서울특별시,강서구,화곡4동,화곡동,서울특별시 강서구 곰달래로 259,서울특별시 강서구 화곡동 797-22,서울특별시 강서구 곰달래로 259,126.861756289627,37.5322820252135,소매,종합 소매,편의점,체인화 편의점
GS_CONV_0397,MA0101202406A0126213,세븐일레븐마곡홈앤쇼핑점,세븐일레븐,서울특별시,강서구,공항동,마곡동,서울특별시 강서구 공항대로 140,서울특별시 강서구 마곡동 746-1,서울특별시 강서구 공항대로 140,126.823248380239,37.5591975408206,소매,종합 소매,편의점,섬유; 의복; 신발 및 가죽제품 중개업
GS_CONV_0398,MA0101202406A0391103,세븐일레븐S,세븐일레븐,서울특별시,강서구,가양1동,마곡동,서울특별시 강서구 공항대로 267,서울특별시 강서구 마곡동 727-1496,서울특별시 강서구 공항대로 267,126.837305567326,37.5590285388509,소매,종합 소매,편의점,섬유; 의복; 신발 및 가죽제품 중개업
GS_CONV_0399,MA0101202406A0277046,씨유화곡양서점,CU,서울특별시,강서구,화곡1동,화곡동,서울특별시 강서구 가로공원로84길 82,서울특별시 강서구 화곡동 366-98,서울특별시 강서구 가로공원로84길 82,126.841907918723,37.5341402132856,소매,종합 소매,편의점,체인화 편의점
GS_CONV_0400,MA0101202406A0303551,지에스25곰달래로,GS25,서울특별시,강서구,화곡2동,화곡동,서울특별시 강서구 곰달래로31길 16,서울특별시 강서구 화곡동 872-24,서울특별시 강서구 곰달래로31길 16,126.851484575767,37.5316568742373,소매,종합 소매,편의점,체인화 편의점
GS_CONV_0401,MA0101202406A0587725,지에스25화곡그랜드점,GS25,서울특별시,강서구,화곡1동,화곡동,서울특별시 강서구 월정로32길 71,서울특별시 강서구 화곡동 371-7,서울특별시 강서구 월정로32길 71,126.839097421946,37.5362807970448,소매,종합 소매,편의점,체인화 편의점
GS_CONV_0402,MA0101202406A0107783,지에스25화곡공원,GS25,서울특별시,강서구,화곡본동,화곡동,서울특별시 강서구 화곡로42가길 9,서울특별시 강서구 화곡동 24-126,서울특별시 강서구 화곡로42가길 9,126.845831785174,37.5461647293841,소매,종합 소매,편의점,체인화 편의점
GS_CONV_0403,MA0101202406A0157273,세븐일레븐화곡까치점,세븐일레븐,서울특별시,강서구,화곡본동,화곡동,서울특별시 강서구 까치산로2길 3,서울특별시 강서구 화곡동 105-82,서울특별시 강서구 까치산로2길 3,126.842459254967,37.5409705262423,소매,종합 소매,편의점,섬유; 의복; 신발 및 가죽제품 중개업
GS_CONV_0404,MA0101202406A0488744,지에스25공항센트레빌점,GS25,서울특별시,강서구,공항동,공항동,서울특별시 강서구 공항대로2길 18,서울특별시 강서구 공항동 72-9,서울특별시 강서구 공항대로2길 18,126.808542790745,37.5606252132985,소매,종합 소매,편의점,체인화 편의점
GS_CONV_0405,MA0101202406A0071528,세븐일레븐롯데시티호텔,세븐일레븐,서울특별시,강서구,방화2동,방화동,서울특별시 강서구 하늘길 38,서울특별시 강서구 방화동 882-1,서울특별시 강서구 하늘길 38,126.802957316013,37.5713648899321,소매,종합 소매,편의점,섬유; 의복; 신발 및 가죽제품 중개업
GS_CONV_0406,MA0101202406A0029563,이마트24동신한강타운점,이마트24,서울특별시,강서구,가양1동,가양동,서울특별시 강서구 강서로 532,서울특별시 강서구 가양동 1459,서울특별시 강서구 강서로 532,126.842282256202,37.5712708075238,소매,종합 소매,편의점,체인화 편의점
GS_CONV_0407,MA0101202311A0090065,씨유마곡9단지점,CU,서울특별시,강서구,공항동,마곡동,서울특별시 강서구 공항대로 103,서울특별시 강서구 마곡동 744,서울특별시 강서구 공항대로 103,126.81916650797,37.5622727647712,소매,종합 소매,편의점,체인화 편의점
GS_CONV_0408,MA0101202311A0078438,지에스25화곡열매점,GS25,서울특별시,강서구,화곡4동,화곡동,서울특별시 강서구 곰달래로49길 56,서울특별시 강서구 화곡동 822-17,서울특별시 강서구 곰달래로49길 56,126.857034909307,37.5341234546858,소매,종합 소매,편의점,체인화 편의점
GS_CONV_0409,MA0101202406A0059739,세븐일레븐S우,세븐일레븐,서울특별시,강서구,방화3동,방화동,서울특별시 강서구 금낭화로 132,서울특별시 강서구 방화동 829-15,서울특별시 강서구 금낭화로 132,126.812632877837,37.5770028423218,소매,종합 소매,편의점,섬유; 의복; 신발 및 가죽제품 중개업
GS_CONV_0410,MA0101202409A0192895,이마트24서울창업엠,이마트24,서울특별시,강서구,가양1동,마곡동,서울특별시 강서구 마곡중앙8로 14,서울특별시 강서구 마곡동 771-1,서울특별시 강서구 마곡중앙8로 14,126.828947592782,37.5613863451524,소매,종합 소매,편의점,체인화 편의점
GS_CONV_0411,MA0101202409A0223144,씨유화곡초록,CU,서울특별시,강서구,화곡8동,화곡동,서울특별시 강서구 강서로18다길 41,서울특별시 강서구 화곡동 333-2,서울특별시 강서구 강서로18다길 41,126.846712674953,37.5359665674327,소매,종합 소매,편의점,체인화 편의점
GS_CONV_0412,MA0101202409A0085421,지에스25화곡,GS25,서울특별시,강서구,화곡4동,화곡동,서울특별시 강서구 등촌로13자길 74,서울특별시 강서구 화곡동 1140,서울특별시 강서구 등촌로13자길 74,126.853283171959,37.5375786927951,소매,종합 소매,편의점,기타 음ㆍ식료품 위주 종합 소매업
GS_CONV_0413,MA0101202409A0231609,세븐일레븐강서화곡삼화점,세븐일레븐,서울특별시,강서구,화곡1동,화곡동,서울특별시 강서구 강서로15길 116,서울특별시 강서구 화곡동 421-24,서울특별시 강서구 강서로15길 116,126.839547717443,37.532064729811,소매,종합 소매,편의점,체인화 편의점
GS_CONV_0414,MA0101202406A0408687,지에스25화곡세화,GS25,서울특별시,강서구,화곡8동,화곡동,서울특별시 강서구 곰달래로25길 8,서울특별시 강서구 화곡동 391-20,서울특별시 강서구 곰달래로25길 8,126.849200187677,37.5311674391129,소매,종합 소매,편의점,체인화 편의점
GS_CONV_0415,MA0101202406A0164316,씨유화곡,CU,서울특별시,강서구,화곡2동,화곡동,서울특별시 강서구 곰달래로35길 17,서울특별시 강서구 화곡동 871-1,서울특별시 강서구 곰달래로35길 17,126.853407182231,37.5320286865809,소매,종합 소매,편의점,체인화 편의점
GS_CONV_0416,MA0101202406A0522556,지에스25염창빌리지,GS25,서울특별시,강서구,염창동,염창동,서울특별시 강서구 양천로69길 19,서울특별시 강서구 염창동 244-15,서울특별시 강서구 양천로69길 19,126.870759537007,37.5534296570901,소매,종합 소매,편의점,체인화 편의점
GS_CONV_0417,MA0101202406A0552061,다온다옴,기타/미분류,서울특별시,강서구,등촌1동,등촌동,서울특별시 강서구 공항대로61길 13,서울특별시 강서구 등촌동 647-83,서울특별시 강서구 공항대로61길 13,126.865387057141,37.551702749213,소매,종합 소매,편의점,체인화 편의점
GS_CONV_0418,MA0101202406A0199100,씨유염창,CU,서울특별시,강서구,염창동,염창동,서울특별시 강서구 공항대로61길 42,서울특별시 강서구 염창동 271,서울특별시 강서구 공항대로61길 42,126.866381112501,37.5527220054806,소매,종합 소매,편의점,체인화 편의점
GS_CONV_0419,MA0101202409A0087730,아이스앤스낵창고방화점,기타/미분류,서울특별시,강서구,방화3동,방화동,서울특별시 강서구 금낭화로19길 30,서울특별시 강서구 방화동 813-2,서울특별시 강서구 금낭화로19길 30,126.810439023578,37.5760803268454,소매,종합 소매,편의점,빵류; 과자류 및 당류 소매업
GS_CONV_0420,MA0101202406A0425350,씨유강서아람점,CU,서울특별시,강서구,화곡4동,화곡동,서울특별시 강서구 등촌로3길 50,서울특별시 강서구 화곡동 795-16,서울특별시 강서구 등촌로3길 50,126.860932255795,37.5312719370883,소매,종합 소매,편의점,체인화 편의점
GS_CONV_0421,MA0101202409A0069890,세븐일레븐화곡위너스점,세븐일레븐,서울특별시,강서구,화곡1동,화곡동,서울특별시 강서구 강서로7길 59,서울특별시 강서구 화곡동 914-36,서울특별시 강서구 강서로7길 59,126.844452469143,37.5292331399536,소매,종합 소매,편의점,섬유; 의복; 신발 및 가죽제품 중개업
GS_CONV_0422,MA0101202409A0205584,지에스25마곡SB,GS25,서울특별시,강서구,방화1동,마곡동,서울특별시 강서구 마곡중앙5로 81,서울특별시 강서구 마곡동 739-3,서울특별시 강서구 마곡중앙5로 81,126.818600157263,37.567119249384,소매,종합 소매,편의점,체인화 편의점
GS_CONV_0423,MA0101202406A0256338,씨유호서아이엔점,CU,서울특별시,강서구,등촌3동,등촌동,서울특별시 강서구 강서로56가길 69,서울특별시 강서구 등촌동 679,서울특별시 강서구 강서로56가길 69,126.840432940415,37.5626277805555,소매,종합 소매,편의점,체인화 편의점
GS_CONV_0424,MA0101202406A0043187,씨유서울식물원,CU,서울특별시,강서구,가양1동,마곡동,서울특별시 강서구 마곡동로 161,서울특별시 강서구 마곡동 812,서울특별시 강서구 마곡동로 161,126.83283944544,37.5722398982232,소매,종합 소매,편의점,체인화 편의점
GS_CONV_0425,MA0101202406A0246643,지에스25강서,GS25,서울특별시,강서구,방화2동,방화동,서울특별시 강서구 양천로14길 10,서울특별시 강서구 방화동 559-1,서울특별시 강서구 양천로14길 10,126.810040117629,37.5726829402525,소매,종합 소매,편의점,체인화 편의점
GS_CONV_0426,MA0101202406A0312295,지에스25염창신동아,GS25,서울특별시,강서구,염창동,염창동,서울특별시 강서구 양천로67길 32,서울특별시 강서구 염창동 289,서울특별시 강서구 양천로67길 32,126.868866645577,37.5551124348087,소매,종합 소매,편의점,체인화 편의점
GS_CONV_0427,MA0101202406A0440222,세븐일레븐마곡6단지점,세븐일레븐,서울특별시,강서구,방화1동,마곡동,서울특별시 강서구 마곡서1로 100,서울특별시 강서구 마곡동 743,서울특별시 강서구 마곡서1로 100,126.820281566739,37.5645449754816,소매,종합 소매,편의점,체인화 편의점
GS_CONV_0428,MA0101202406A0435013,지에스25강서위너스점,GS25,서울특별시,강서구,화곡4동,화곡동,서울특별시 강서구 곰달래로53길 96,서울특별시 강서구 화곡동 820-11,서울특별시 강서구 곰달래로53길 96,126.857054906292,37.5355020090023,소매,종합 소매,편의점,체인화 편의점
GS_CONV_0429,MA0101202406A0439695,지에스25화곡지연,GS25,서울특별시,강서구,화곡본동,화곡동,서울특별시 강서구 초록마을로8길 82,서울특별시 강서구 화곡동 56-451,서울특별시 강서구 초록마을로8길 82,126.84789429482,37.5391125837442,소매,종합 소매,편의점,체인화 편의점
GS_CONV_0430,MA0101202406A0568542,세븐롯데시티호텔공항점,세븐일레븐,서울특별시,강서구,방화2동,방화동,서울특별시 강서구 하늘길 38,서울특별시 강서구 방화동 882-1,서울특별시 강서구 하늘길 38,126.802957316013,37.5713648899321,소매,종합 소매,편의점,체인화 편의점
GS_CONV_0431,MA0101202406A0116415,세븐일레븐화곡공원점,세븐일레븐,서울특별시,강서구,화곡본동,화곡동,서울특별시 강서구 까치산로4길 34,서울특별시 강서구 화곡동 98-253,서울특별시 강서구 까치산로4길 34,126.844936572647,37.5413071748601,소매,종합 소매,편의점,체인화 편의점
GS_CONV_0432,MA0101202406A0277797,씨유마곡퀸즈파크점,CU,서울특별시,강서구,발산1동,마곡동,서울특별시 강서구 공항대로 212,서울특별시 강서구 마곡동 800-1,서울특별시 강서구 공항대로 212,126.831013281534,37.5588304914301,소매,종합 소매,편의점,체인화 편의점
GS_CONV_0433,MA0101202409A0155682,씨유방화플라워점,CU,서울특별시,강서구,방화1동,방화동,서울특별시 강서구 방화대로41길 38-13,서울특별시 강서구 방화동 266-3,서울특별시 강서구 방화대로41길 38-13,126.814173061425,37.5722119915059,소매,종합 소매,편의점,체인화 편의점
GS_CONV_0434,MA0101202409A0110845,지에스25강서자이타워,GS25,서울특별시,강서구,가양1동,가양동,서울특별시 강서구 양천로 401,서울특별시 강서구 가양동 1498,서울특별시 강서구 양천로 401,126.847647828913,37.5657006958558,소매,종합 소매,편의점,체인화 편의점
GS_CONV_0435,MA0101202409A0102404,씨유화곡대로점,CU,서울특별시,강서구,우장산동,화곡동,서울특별시 강서구 화곡로 233,서울특별시 강서구 화곡동 95-4,서울특별시 강서구 화곡로 233,126.844802225887,37.5460732808821,소매,종합 소매,편의점,체인화 편의점
GS_CONV_0436,MA0101202409A0233266,이마트24서서울모터리움점,이마트24,서울특별시,강서구,가양1동,가양동,서울특별시 강서구 양천로53길 30,서울특별시 강서구 가양동 50-5,서울특별시 강서구 양천로53길 30,126.846910315353,37.5665737071478,소매,종합 소매,편의점,체인화 편의점
GS_CONV_0437,MA0101202409A0089519,지에스25발산에너지점,GS25,서울특별시,강서구,등촌3동,등촌동,서울특별시 강서구 강서로56길 50,서울특별시 강서구 등촌동 671-3,서울특별시 강서구 강서로56길 50,126.841549525896,37.5591424301601,소매,종합 소매,편의점,체인화 편의점
GS_CONV_0438,MA0101202409A0142261,씨유강서,CU,서울특별시,강서구,등촌2동,등촌동,서울특별시 강서구 등촌로53길 39,서울특별시 강서구 등촌동 676,서울특별시 강서구 등촌로53길 39,126.860321127258,37.5495705105868,소매,종합 소매,편의점,체인화 편의점
GS_CONV_0439,MA0101202409A0137185,세븐일레븐강서메인점,세븐일레븐,서울특별시,강서구,화곡4동,화곡동,서울특별시 강서구 곰달래로49길 80,서울특별시 강서구 화곡동 822-25,서울특별시 강서구 곰달래로49길 80,126.856241367357,37.5349333914624,소매,종합 소매,편의점,체인화 편의점
GS_CONV_0440,MA0101202409A0040634,씨유강서국회대로점,CU,서울특별시,강서구,화곡2동,화곡동,서울특별시 강서구 국회대로7길 138,서울특별시 강서구 화곡동 884-11,서울특별시 강서구 국회대로7길 138,126.853219951032,37.529424562127,소매,종합 소매,편의점,체인화 편의점
GS_CONV_0441,MA0101202411A0113311,지에스25강서,GS25,서울특별시,강서구,공항동,공항동,서울특별시 강서구 남부순환로11길 28,서울특별시 강서구 공항동 1340,서울특별시 강서구 남부순환로11길 28,126.815144547084,37.5547071799091,소매,종합 소매,편의점,체인화 편의점
GS_CONV_0442,MA0101202411A0172998,지에스25화곡타운점,GS25,서울특별시,강서구,화곡8동,화곡동,서울특별시 강서구 강서로18라길 23,서울특별시 강서구 화곡동 398-4,서울특별시 강서구 강서로18라길 23,126.84790174317,37.5354455249719,소매,종합 소매,편의점,체인화 편의점
GS_CONV_0443,MA0101202412A0042902,드림마트,기타/미분류,서울특별시,강서구,방화1동,마곡동,서울특별시 강서구 마곡중앙로 111,서울특별시 강서구 마곡동 767-4,서울특별시 강서구 마곡중앙로 111,126.825060063125,37.5636871973466,소매,종합 소매,편의점,체인화 편의점
GS_CONV_0444,MA0101202412A0015387,마곡르웨스트점,기타/미분류,서울특별시,강서구,방화1동,마곡동,서울특별시 강서구 마곡중앙로 111,서울특별시 강서구 마곡동 767-4,서울특별시 강서구 마곡중앙로 111,126.825060063125,37.5636871973466,소매,종합 소매,편의점,체인화 편의점
GS_CONV_0445,MA0101202412A0005211,세븐일레븐방화스카이포레점,세븐일레븐,서울특별시,강서구,방화2동,방화동,서울특별시 강서구 개화동로21길 22,서울특별시 강서구 방화동 909,서울특별시 강서구 개화동로21길 22,126.805368243312,37.5714319589081,소매,종합 소매,편의점,체인화 편의점
GS_CONV_0446,MA0101202411A0183060,이마트24마곡케이,이마트24,서울특별시,강서구,방화1동,마곡동,서울특별시 강서구 마곡중앙로 105-7,서울특별시 강서구 마곡동 768-1,서울특별시 강서구 마곡중앙로 105-7,126.826091745804,37.5629589152875,소매,종합 소매,편의점,체인화 편의점
GS_CONV_0447,MA0101202411A0076777,이마트24강서신,이마트24,서울특별시,강서구,화곡1동,화곡동,서울특별시 강서구 국회대로 71,서울특별시 강서구 화곡동 931-11,서울특별시 강서구 국회대로 71,126.84288392241,37.5273209416939,소매,종합 소매,편의점,체인화 편의점
GS_CONV_0448,MA0101202411A0124613,세븐일레븐,세븐일레븐,서울특별시,강서구,염창동,염창동,서울특별시 강서구 양천로 677,서울특별시 강서구 염창동 248-7,서울특별시 강서구 양천로 677,126.871917556435,37.5512775348353,소매,종합 소매,편의점,섬유; 의복; 신발 및 가죽제품 중개업
GS_CONV_0449,MA0101202411A0087321,세븐일레븐,세븐일레븐,서울특별시,강서구,공항동,공항동,서울특별시 강서구 방화대로6나길 1,서울특별시 강서구 공항동 1354-6,서울특별시 강서구 방화대로6나길 1,126.816818649547,37.5550521677064,소매,종합 소매,편의점,섬유; 의복; 신발 및 가죽제품 중개업
GS_CONV_0450,MA0101202411A0081998,씨유가양현대점,CU,서울특별시,강서구,가양3동,가양동,서울특별시 강서구 양천로 507,서울특별시 강서구 가양동 448-1,서울특별시 강서구 양천로 507,126.857358236297,37.5603879423966,소매,종합 소매,편의점,체인화 편의점
GS_CONV_0451,MA0101202411A0037907,씨유강서하늘점,CU,서울특별시,강서구,공항동,공항동,서울특별시 강서구 송정로 49,서울특별시 강서구 공항동 60-12,서울특별시 강서구 송정로 49,126.810244132347,37.5591953768127,소매,종합 소매,편의점,체인화 편의점
GS_CONV_0452,MA0101202411A0126680,세븐일레븐송정로점,세븐일레븐,서울특별시,강서구,공항동,공항동,서울특별시 강서구 송정로 60,서울특별시 강서구 공항동 53-58,서울특별시 강서구 송정로 60,126.810162507251,37.5601412911009,소매,종합 소매,편의점,섬유; 의복; 신발 및 가죽제품 중개업
GS_CONV_0453,MA0101202505A0046196,세븐일레븐발산신화점,세븐일레븐,서울특별시,강서구,우장산동,내발산동,서울특별시 강서구 강서로 360,서울특별시 강서구 내발산동 653,서울특별시 강서구 강서로 360,126.838394959143,37.5576965604941,소매,종합 소매,편의점,섬유; 의복; 신발 및 가죽제품 중개업
GS_CONV_0454,MA0101202505A0050755,씨유NH서울,CU,서울특별시,강서구,등촌1동,등촌동,서울특별시 강서구 양천로 570,서울특별시 강서구 등촌동 631-5,서울특별시 강서구 양천로 570,126.862005399481,37.556726409659,소매,종합 소매,편의점,체인화 편의점
GS_CONV_0455,MA0101202502A0059036,세븐마곡머큐어점,세븐일레븐,서울특별시,강서구,방화1동,마곡동,서울특별시 강서구 마곡중앙로 143,서울특별시 강서구 마곡동 767,서울특별시 강서구 마곡중앙로 143,126.82536297129,37.5648409196617,소매,종합 소매,편의점,체인화 편의점
GS_CONV_0456,MA0101202501A0066046,세븐일레븐강서화곡진주점,세븐일레븐,서울특별시,강서구,화곡2동,화곡동,서울특별시 강서구 곰달래로36길 17,서울특별시 강서구 화곡동 856-1,서울특별시 강서구 곰달래로36길 17,126.853919605024,37.5303354404141,소매,종합 소매,편의점,섬유; 의복; 신발 및 가죽제품 중개업
GS_CONV_0457,MA0101202501A0045749,세븐일레븐등촌임광점,세븐일레븐,서울특별시,강서구,등촌2동,등촌동,서울특별시 강서구 등촌로 113,서울특별시 강서구 등촌동 562-5,서울특별시 강서구 등촌로 113,126.863461105001,37.5404470676295,소매,종합 소매,편의점,섬유; 의복; 신발 및 가죽제품 중개업
GS_CONV_0458,MA0101202504A0016449,지에스25가양2,GS25,서울특별시,강서구,가양1동,가양동,서울특별시 강서구 허준로 47,서울특별시 강서구 가양동 1461,서울특별시 강서구 허준로 47,126.846538976663,37.5710241391854,소매,종합 소매,편의점,체인화 편의점
GS_CONV_0459,MA0101202504A0071665,세븐일레븐신방화점,세븐일레븐,서울특별시,강서구,방화1동,방화동,서울특별시 강서구 방화동로 80,서울특별시 강서구 방화동 249-28,서울특별시 강서구 방화동로 80,126.812871955591,37.5674166471297,소매,종합 소매,편의점,섬유; 의복; 신발 및 가죽제품 중개업
GS_CONV_0460,MA0101202502A0091751,씨유강서다온점,CU,서울특별시,강서구,우장산동,내발산동,서울특별시 강서구 강서로52길 42,서울특별시 강서구 내발산동 651,서울특별시 강서구 강서로52길 42,126.840477768322,37.5575282035983,소매,종합 소매,편의점,체인화 편의점
GS_CONV_0461,MA0101202502A0034700,세븐일레븐코엑스,세븐일레븐,서울특별시,강서구,방화1동,마곡동,서울특별시 강서구 마곡중앙5로 9,서울특별시 강서구 마곡동 767-2,서울특별시 강서구 마곡중앙5로 9,126.826922242647,37.5660145094034,소매,종합 소매,편의점,섬유; 의복; 신발 및 가죽제품 중개업
GS_CONV_0462,MA0101202505A0088577,씨유마곡디엠프라자,CU,서울특별시,강서구,가양1동,마곡동,서울특별시 강서구 마곡중앙8로5길 63,서울특별시 강서구 마곡동 782,서울특별시 강서구 마곡중앙8로5길 63,126.838432286057,37.5666164689068,소매,종합 소매,편의점,체인화 편의점
GS_CONV_0463,MA0101202502A0019192,세븐일레븐강서등촌역점,세븐일레븐,서울특별시,강서구,등촌2동,등촌동,서울특별시 강서구 등촌로 229,서울특별시 강서구 등촌동 507-1,서울특별시 강서구 등촌로 229,126.863454590685,37.5502228941175,소매,종합 소매,편의점,섬유; 의복; 신발 및 가죽제품 중개업
GS_CONV_0464,MA0101202501A0002375,세븐일레븐염창래미안점,세븐일레븐,서울특별시,강서구,염창동,염창동,서울특별시 강서구 양천로 646-32,서울특별시 강서구 염창동 271-13,서울특별시 강서구 양천로 646-32,126.867921275317,37.5521200700322,소매,종합 소매,편의점,섬유; 의복; 신발 및 가죽제품 중개업
GS_CONV_0465,MA0101202412A0033825,세븐일레븐가양역점,세븐일레븐,서울특별시,강서구,가양2동,가양동,서울특별시 강서구 양천로57길 16,서울특별시 강서구 가양동 1480,서울특별시 강서구 양천로57길 16,126.852496897214,37.5633732754666,소매,종합 소매,편의점,섬유; 의복; 신발 및 가죽제품 중개업
GS_CONV_0466,MA0101202412A0005950,씨유발산,CU,서울특별시,강서구,우장산동,내발산동,서울특별시 강서구 강서로 348,서울특별시 강서구 내발산동 657,서울특별시 강서구 강서로 348,126.838079410717,37.5570744406471,소매,종합 소매,편의점,기타 음ㆍ식료품 위주 종합 소매업
GS_CONV_0467,MA0101202412A0017358,에스엘리테일,기타/미분류,서울특별시,강서구,방화1동,마곡동,서울특별시 강서구 마곡중앙로 111,서울특별시 강서구 마곡동 767-4,서울특별시 강서구 마곡중앙로 111,126.825060063125,37.5636871973466,소매,종합 소매,편의점,체인화 편의점
GS_CONV_0468,MA0101202412A0038015,지에스25등촌,GS25,서울특별시,강서구,등촌1동,등촌동,서울특별시 강서구 공항대로59다길 39,서울특별시 강서구 등촌동 633-24,서울특별시 강서구 공항대로59다길 39,126.8657465584,37.5531717843805,소매,종합 소매,편의점,체인화 편의점
GS_CONV_0469,MA0101202412A0080095,세븐일레븐화곡하늘점,세븐일레븐,서울특별시,강서구,화곡6동,화곡동,서울특별시 강서구 까치산로18라길 6,서울특별시 강서구 화곡동 42-48,서울특별시 강서구 까치산로18라길 6,126.851657934842,37.5469470507418,소매,종합 소매,편의점,섬유; 의복; 신발 및 가죽제품 중개업
GS_CONV_0470,MA0101202412A0063937,씨유마곡르웨스트점,CU,서울특별시,강서구,방화1동,마곡동,서울특별시 강서구 마곡중앙로 111,서울특별시 강서구 마곡동 767-4,서울특별시 강서구 마곡중앙로 111,126.825060063125,37.5636871973466,소매,종합 소매,편의점,체인화 편의점
GS_CONV_0471,MA0106202304A1633747,GS25화곡달빛점,GS25,서울특별시,강서구,화곡1동,화곡동,서울특별시 강서구 곰달래로16길 29,서울특별시 강서구 화곡동 928-35,서울특별시 강서구 곰달래로16길 29,126.840380668426,37.5287591864847,소매,종합 소매,편의점,슈퍼마켓
GS_CONV_0472,MA0106202308A1284659,GS25마곡엘리안점,GS25,서울특별시,강서구,가양1동,마곡동,서울특별시 강서구 강서로 409,서울특별시 강서구 마곡동 793-4,서울특별시 강서구 강서로 409,126.838951222104,37.5621662608922,소매,종합 소매,편의점,슈퍼마켓
GS_CONV_0473,MA0106202506A2325826,이마트24 마곡보타닉게이트점,이마트24,서울특별시,강서구,가양1동,마곡동,서울특별시 강서구 마곡동로 166,서울특별시 강서구 마곡동 779,서울특별시 강서구 마곡동로 166,126.836819546532,37.5691100064173,소매,종합 소매,편의점,슈퍼마켓
GS_CONV_0474,MA0106202201A1794047,이마트24공항주유소점,이마트24,서울특별시,강서구,방화2동,개화동,서울특별시 강서구 개화동로 420,서울특별시 강서구 개화동 565-4,서울특별시 강서구 개화동로 420,126.802383499723,37.5743281997222,소매,종합 소매,편의점,슈퍼마켓
GS_CONV_0475,MA0106202201A1977644,GS25S9양천향교역점,GS25,서울특별시,강서구,가양1동,가양동,서울특별시 강서구 양천로 341,서울특별시 강서구 가양동 159-3,서울특별시 강서구 양천로 341,126.84081602782,37.5687640748334,소매,종합 소매,편의점,슈퍼마켓
GS_CONV_0476,MA0106202406A2082539,GS25등촌,GS25,서울특별시,강서구,등촌1동,등촌동,서울특별시 강서구 공항대로59길 80-6,서울특별시 강서구 등촌동 634,서울특별시 강서구 공항대로59길 80-6,126.863570269324,37.5550523739591,소매,종합 소매,편의점,슈퍼마켓
GS_CONV_0477,MA0106202406A0070227,GS25화곡,GS25,서울특별시,강서구,화곡본동,화곡동,서울특별시 강서구 강서로 136,서울특별시 강서구 화곡동 404-4,서울특별시 강서구 강서로 136,126.842474380089,37.5391595382033,소매,종합 소매,편의점,슈퍼마켓
GS_CONV_0478,MA0106202406A1364944,GS25강서,GS25,서울특별시,강서구,방화2동,방화동,서울특별시 강서구 양천로14길 10,서울특별시 강서구 방화동 559-1,서울특별시 강서구 양천로14길 10,126.810040117629,37.5726829402525,소매,종합 소매,편의점,슈퍼마켓
GS_CONV_0479,MA0106202406A0752848,지에스GS25화곡공원점,GS25,서울특별시,강서구,화곡본동,화곡동,서울특별시 강서구 화곡로42가길 9,서울특별시 강서구 화곡동 24-126,서울특별시 강서구 화곡로42가길 9,126.845831822285,37.5461467094682,소매,종합 소매,편의점,슈퍼마켓
GS_CONV_0480,MA0106202411A2074779,GS25강서,GS25,서울특별시,강서구,공항동,공항동,서울특별시 강서구 남부순환로11길 28,서울특별시 강서구 공항동 1340,서울특별시 강서구 남부순환로11길 28,126.815144547084,37.5547071799091,소매,종합 소매,편의점,슈퍼마켓
GS_CONV_0481,MA0106202409A1321518,GS25강서자이,GS25,서울특별시,강서구,가양1동,가양동,서울특별시 강서구 양천로 401,서울특별시 강서구 가양동 1498,서울특별시 강서구 양천로 401,126.847647828913,37.5657006958558,소매,종합 소매,편의점,슈퍼마켓
GS_CONV_0482,MA0106202406A2207394,GS25화곡그랜드점,GS25,서울특별시,강서구,화곡1동,화곡동,서울특별시 강서구 월정로32길 71,서울특별시 강서구 화곡동 371-7,서울특별시 강서구 월정로32길 71,126.839097421946,37.5362807970448,소매,종합 소매,편의점,슈퍼마켓
GS_CONV_0483,MA0106202406A1628983,GS25곰달래로,GS25,서울특별시,강서구,화곡2동,화곡동,서울특별시 강서구 곰달래로31길 16,서울특별시 강서구 화곡동 872-24,서울특별시 강서구 곰달래로31길 16,126.851484575767,37.5316568742373,소매,종합 소매,편의점,슈퍼마켓
GS_CONV_0484,MA0106202409A1090238,GS25발산에너지점,GS25,서울특별시,강서구,등촌3동,등촌동,서울특별시 강서구 강서로56길 50,서울특별시 강서구 등촌동 671-3,서울특별시 강서구 강서로56길 50,126.841526794782,37.5591874494613,소매,종합 소매,편의점,슈퍼마켓
GS_CONV_0485,MA0106202312A1519545,GS25발산,GS25,서울특별시,강서구,우장산동,내발산동,서울특별시 강서구 강서로50길 16,서울특별시 강서구 내발산동 665,서울특별시 강서구 강서로50길 16,126.838140168862,37.5551463912078,소매,종합 소매,편의점,슈퍼마켓
GS_CONV_0486,MA0106202409A2170857,GS25마곡SB,GS25,서울특별시,강서구,방화1동,마곡동,서울특별시 강서구 마곡중앙5로 81,서울특별시 강서구 마곡동 739-3,서울특별시 강서구 마곡중앙5로 81,126.81877000842,37.5670924803994,소매,종합 소매,편의점,슈퍼마켓
GS_CONV_0487,MA0101202505A0056051,씨유화곡,CU,서울특별시,강서구,화곡1동,화곡동,서울특별시 강서구 곰달래로 123,서울특별시 강서구 화곡동 343-66,서울특별시 강서구 곰달래로 123,126.846587644314,37.5307225839946,소매,종합 소매,편의점,체인화 편의점
GS_CONV_0488,MA0101202505A0081141,씨유화곡와이즈점,CU,서울특별시,강서구,화곡본동,화곡동,서울특별시 강서구 까치산로 20,서울특별시 강서구 화곡동 105-59,서울특별시 강서구 까치산로 20,126.842898918237,37.5417459710482,소매,종합 소매,편의점,체인화 편의점
GS_CONV_0489,MA0101202505A0077564,세븐일레븐발,세븐일레븐,서울특별시,강서구,등촌3동,등촌동,서울특별시 강서구 강서로 378,서울특별시 강서구 등촌동 674-1,서울특별시 강서구 강서로 378,126.838844307398,37.5592558981978,소매,종합 소매,편의점,섬유; 의복; 신발 및 가죽제품 중개업
GS_CONV_0490,MA0106202303A2065407,세븐일레븐화곡우정점,세븐일레븐,서울특별시,강서구,화곡1동,화곡동,서울특별시 강서구 월정로 88,서울특별시 강서구 화곡동 933-40,서울특별시 강서구 월정로 88,126.84014628169,37.5272632079259,소매,종합 소매,편의점,슈퍼마켓
GS_CONV_0491,MA0106202201A0071022,GS25영일점,GS25,서울특별시,강서구,화곡본동,화곡동,서울특별시 강서구 까치산로4길 67,서울특별시 강서구 화곡동 102-160,서울특별시 강서구 까치산로4길 67,126.846398372016,37.5402639264405,소매,종합 소매,편의점,슈퍼마켓
GS_CONV_0492,MA0101202505A0061451,씨유방화꽃길점,CU,서울특별시,강서구,방화1동,방화동,서울특별시 강서구 금낭화로17길 15,서울특별시 강서구 방화동 456,서울특별시 강서구 금낭화로17길 15,126.810656415221,37.5751706725094,소매,종합 소매,편의점,체인화 편의점
GS_CONV_0493,MA0101202504A0022139,씨유강서지식산업,CU,서울특별시,강서구,가양1동,가양동,서울특별시 강서구 양천로 401,서울특별시 강서구 가양동 1498,서울특별시 강서구 양천로 401,126.847647828913,37.5657006958558,소매,종합 소매,편의점,체인화 편의점
GS_CONV_0494,MA0101202504A0106495,이마트24마곡보타닉게이트점,이마트24,서울특별시,강서구,가양1동,마곡동,서울특별시 강서구 마곡동로 166,서울특별시 강서구 마곡동 779,서울특별시 강서구 마곡동로 166,126.836819546532,37.5691100064173,소매,종합 소매,편의점,그 외 기타 종합 소매업
GS_CONV_0495,MA0101202504A0056101,씨유강서,CU,서울특별시,강서구,등촌3동,등촌동,서울특별시 강서구 화곡로61길 131,서울특별시 강서구 등촌동 664,서울특별시 강서구 화곡로61길 131,126.845059571413,37.5584172815655,소매,종합 소매,편의점,체인화 편의점
GS_CONV_0496,MA0106202512A1714191,씨유강서우,CU,서울특별시,강서구,발산1동,내발산동,서울특별시 강서구 강서로 261,서울특별시 강서구 내발산동 723,서울특별시 강서구 강서로 261,126.836014318256,37.5491608364979,소매,종합 소매,편의점,슈퍼마켓
GS_CONV_0497,MA0106202511A0501945,씨유목동먹자촌점,CU,서울특별시,강서구,화곡4동,화곡동,서울특별시 강서구 곰달래로60가길 4,서울특별시 강서구 화곡동 783-10,서울특별시 강서구 곰달래로60가길 4,126.863060819705,37.5304004536941,소매,종합 소매,편의점,슈퍼마켓
GS_CONV_0498,MA0106202512A2392889,고메드갤러리아대한항공KOC본사이마트24,이마트24,서울특별시,강서구,공항동,공항동,서울특별시 강서구 하늘길 260,서울특별시 강서구 공항동 1370,서울특별시 강서구 하늘길 260,126.814290384626,37.5477501422245,소매,종합 소매,편의점,슈퍼마켓
GS_CONV_0499,MA0106202512A1413833,이마트24마곡,이마트24,서울특별시,강서구,발산1동,마곡동,서울특별시 강서구 공항대로 236,서울특별시 강서구 마곡동 801,서울특별시 강서구 공항대로 236,126.83375284956,37.5585370519451,소매,종합 소매,편의점,슈퍼마켓
GS_CONV_0500,MA0106202506A0406933,씨유(CU) 강서등촌역점,CU,서울특별시,강서구,염창동,염창동,서울특별시 강서구 공항대로 549,서울특별시 강서구 염창동 272-9,서울특별시 강서구 공항대로 549,126.867075891436,37.5502180162827,소매,종합 소매,편의점,슈퍼마켓
GS_CONV_0501,MA0106202506A1020505,GS25강서가로공원점,GS25,서울특별시,강서구,화곡1동,화곡동,서울특별시 강서구 가로공원로 192,서울특별시 강서구 화곡동 371-66,서울특별시 강서구 가로공원로 192,126.837274492884,37.5368819689433,소매,종합 소매,편의점,슈퍼마켓
GS_CONV_0502,MA0106202508A2444635,이마트24 마곡디어반점,이마트24,서울특별시,강서구,가양1동,마곡동,서울특별시 강서구 마곡중앙8로7길 57,서울특별시 강서구 마곡동 783,서울특별시 강서구 마곡중앙8로7길 57,126.839248201388,37.5661760951093,소매,종합 소매,편의점,슈퍼마켓
GS_CONV_0503,MA0106202508A0709318,씨유(CU) 강서발산역점,CU,서울특별시,강서구,등촌3동,등촌동,서울특별시 강서구 강서로56길 16,서울특별시 강서구 등촌동 674-3,서울특별시 강서구 강서로56길 16,126.83962491195,37.5594101304375,소매,종합 소매,편의점,슈퍼마켓
GS_CONV_0504,MA0106202509A1055925,씨유가양오피스점,CU,서울특별시,강서구,등촌3동,등촌동,서울특별시 강서구 강서로74길 28,서울특별시 강서구 등촌동 808,서울특별시 강서구 강서로74길 28,126.842438218795,37.567090400553,소매,종합 소매,편의점,슈퍼마켓
GS_CONV_0505,MA0106202507A2321204,세븐일레븐 마곡엠비즈타워점,세븐일레븐,서울특별시,강서구,발산1동,마곡동,서울특별시 강서구 마곡중앙로 59-11,서울특별시 강서구 마곡동 798-8,서울특별시 강서구 마곡중앙로 59-11,126.825286371625,37.5588672056446,소매,종합 소매,편의점,슈퍼마켓
GS_CONV_0506,MA0106202508A2356990,씨유(CU)강서리앙점,CU,서울특별시,강서구,화곡4동,화곡동,서울특별시 강서구 등촌로13다길 60,서울특별시 강서구 화곡동 823-7,서울특별시 강서구 등촌로13다길 60,126.8581209413,37.5341878344442,소매,종합 소매,편의점,슈퍼마켓
GS_CONV_0507,MA0106202508A1936116,씨유(CU) 가양휴먼빌점,CU,서울특별시,강서구,가양2동,가양동,서울특별시 강서구 양천로57길 9-13,서울특별시 강서구 가양동 1479-9,서울특별시 강서구 양천로57길 9-13,126.851206140603,37.5635969047086,소매,종합 소매,편의점,슈퍼마켓
GS_CONV_0508,MA0106202508A0441504,GS25나눔등촌,GS25,서울특별시,강서구,등촌1동,등촌동,서울특별시 강서구 공항대로45길 63,서울특별시 강서구 등촌동 639-23,서울특별시 강서구 공항대로45길 63,126.856004925559,37.5578635098832,소매,종합 소매,편의점,슈퍼마켓
GS_CONV_0509,MA0106202507A2148164,이마트24 SMART서울식물원점,이마트24,서울특별시,강서구,가양1동,마곡동,서울특별시 강서구 마곡동로 161,서울특별시 강서구 마곡동 812,서울특별시 강서구 마곡동로 161,126.832918684238,37.572240010396,소매,종합 소매,편의점,한식 일반 음식점업
GS_CONV_0510,MA0106202201A1935308,GS25화곡초교점,GS25,서울특별시,강서구,화곡본동,화곡동,서울특별시 강서구 초록마을로6길 1,서울특별시 강서구 화곡동 53-14,서울특별시 강서구 초록마을로6길 1,126.847355352883,37.5426167746136,소매,종합 소매,편의점,슈퍼마켓
GS_CONV_0511,MA0106202201A2210492,GS25화곡들판점,GS25,서울특별시,강서구,화곡2동,화곡동,서울특별시 강서구 곰달래로 205,서울특별시 강서구 화곡동 862-11,서울특별시 강서구 곰달래로 205,126.855806653376,37.5315360903445,소매,종합 소매,편의점,슈퍼마켓
GS_CONV_0512,MA0106202508A2344024,GS25 강서퍼스트,GS25,서울특별시,강서구,발산1동,마곡동,서울특별시 강서구 마곡중앙2로 35,서울특별시 강서구 마곡동 800-15,서울특별시 강서구 마곡중앙2로 35,126.830539831661,37.5579918864136,소매,종합 소매,편의점,슈퍼마켓
GS_CONV_0513,MA0106202201A1035170,CU염창JK블라썸호텔점,CU,서울특별시,강서구,염창동,염창동,서울특별시 강서구 양천로65길 41-22,서울특별시 강서구 염창동 20-85,서울특별시 강서구 양천로65길 41-22,126.867777228084,37.5567870741781,소매,종합 소매,편의점,슈퍼마켓
GS_CONV_0514,MA0106202201A1055227,이마트24self대영가스충전소점,이마트24,서울특별시,강서구,가양1동,마곡동,서울특별시 강서구 양천로 242,서울특별시 강서구 마곡동 761-2,서울특별시 강서구 양천로 242,126.830982953018,37.572255274776,소매,종합 소매,편의점,슈퍼마켓
GS_CONV_0515,MA0106202506A0706481,씨유(CU) 강서지식산업센터덤,CU,서울특별시,강서구,가양1동,가양동,서울특별시 강서구 양천로 401,서울특별시 강서구 가양동 1498,서울특별시 강서구 양천로 401,126.847647828913,37.5657006958558,소매,종합 소매,편의점,슈퍼마켓
GS_CONV_0516,MA0106202601A2427501,GS25 마곡W타워,GS25,서울특별시,강서구,방화1동,마곡동,서울특별시 강서구 방화대로 294,서울특별시 강서구 마곡동 739-1,서울특별시 강서구 방화대로 294,126.817049734702,37.5669997276526,소매,종합 소매,편의점,슈퍼마켓
GS_CONV_0517,MA0106202601A1419443,GS25 강서송정역,GS25,서울특별시,강서구,공항동,공항동,서울특별시 강서구 공항대로 34,서울특별시 강서구 공항동 42-22,서울특별시 강서구 공항대로 34,126.810952580705,37.561007514565,소매,종합 소매,편의점,슈퍼마켓
GS_CONV_0518,MA0106202512A0436931,이마트24마곡클라우드힐스점,이마트24,서울특별시,강서구,가양1동,마곡동,서울특별시 강서구 마곡중앙8로1길 81,서울특별시 강서구 마곡동 779-1,서울특별시 강서구 마곡중앙8로1길 81,126.837568169793,37.56839925301,소매,종합 소매,편의점,슈퍼마켓
GS_CONV_0519,MA0106202601A1048036,씨유(CU)대한항공씨앤디김포점,CU,서울특별시,강서구,공항동,공항동,서울특별시 강서구 하늘길 251,서울특별시 강서구 공항동 1373-5,서울특별시 강서구 하늘길 251,126.814721721835,37.5517872876769,소매,종합 소매,편의점,슈퍼마켓
GS_CONV_0520,MA0106202601A1206126,이마트24 강서별하점,이마트24,서울특별시,강서구,등촌1동,등촌동,서울특별시 강서구 화곡로66길 76,서울특별시 강서구 등촌동 641-3,서울특별시 강서구 화곡로66길 76,126.857422020045,37.5566128442956,소매,종합 소매,편의점,슈퍼마켓
GS_CONV_0521,MA0106202601A1000756,이마트24 SMARTSK 대영충전소점,이마트24,서울특별시,강서구,가양1동,마곡동,서울특별시 강서구 양천로 242,서울특별시 강서구 마곡동 761-2,서울특별시 강서구 양천로 242,126.830982953018,37.572255274776,소매,종합 소매,편의점,슈퍼마켓
GS_CONV_0522,MA0106202508A2150746,씨유(CU)강서마곡점,CU,서울특별시,강서구,가양1동,마곡동,서울특별시 강서구 양천로47나길 7,서울특별시 강서구 마곡동 14-6,서울특별시 강서구 양천로47나길 7,126.838365119348,37.5715087778268,소매,종합 소매,편의점,슈퍼마켓
GS_CONV_0523,MA0106202510A0776496,GS25화곡우정점,GS25,서울특별시,강서구,화곡본동,화곡동,서울특별시 강서구 초록마을로22길 24,서울특별시 강서구 화곡동 56-501,서울특별시 강서구 초록마을로22길 24,126.85015608834,37.5397011249291,소매,종합 소매,편의점,슈퍼마켓
GS_CONV_0524,MA0106202510A0325213,씨유염창트리,CU,서울특별시,강서구,염창동,염창동,서울특별시 강서구 양천로 738,서울특별시 강서구 염창동 261-4,서울특별시 강서구 양천로 738,126.877693346895,37.5486617547582,소매,종합 소매,편의점,슈퍼마켓
